Key,FilePath,AuthorName,AugmentationSource,RegionType,ClassIdxGroundTruth,UserString
AA297921-3A40-11EA-8FA0-7845C4C5C539,C:\Hackatown2020\recyclable\paper\Books\paper8.jpg,G,NOT_AUGMENTED,WholeImage,0,
AA297922-3A40-11EA-8FA0-7845C4C5C539,C:\Hackatown2020\recyclable\paper\Books\paper31.jpg,G,NOT_AUGMENTED,WholeImage,0,
AA297923-3A40-11EA-8FA0-7845C4C5C539,C:\Hackatown2020\recyclable\paper\Books\paper593.jpg,G,NOT_AUGMENTED,WholeImage,0,
AA297924-3A40-11EA-8FA0-7845C4C5C539,C:\Hackatown2020\recyclable\paper\Books\paper594.jpg,G,NOT_AUGMENTED,WholeImage,0,
B2F68FF0-3A40-11EA-8FA0-7845C4C5C539,C:\Hackatown2020\recyclable\paper\Brown Paper\paper213.jpg,G,NOT_AUGMENTED,WholeImage,1,
B2F68FF1-3A40-11EA-8FA0-7845C4C5C539,C:\Hackatown2020\recyclable\paper\Brown Paper\paper256.jpg,G,NOT_AUGMENTED,WholeImage,1,
C2F074F3-3A40-11EA-8FA0-7845C4C5C539,"C:\Hackatown2020\recyclable\paper\Catalogue, brochure, pamphlet, etc\paper1.jpg",G,NOT_AUGMENTED,WholeImage,2,
C2F074F4-3A40-11EA-8FA0-7845C4C5C539,"C:\Hackatown2020\recyclable\paper\Catalogue, brochure, pamphlet, etc\paper2.jpg",G,NOT_AUGMENTED,WholeImage,2,
C2F074F5-3A40-11EA-8FA0-7845C4C5C539,"C:\Hackatown2020\recyclable\paper\Catalogue, brochure, pamphlet, etc\paper4.jpg",G,NOT_AUGMENTED,WholeImage,2,
C2F074F6-3A40-11EA-8FA0-7845C4C5C539,"C:\Hackatown2020\recyclable\paper\Catalogue, brochure, pamphlet, etc\paper5.jpg",G,NOT_AUGMENTED,WholeImage,2,
C2F074F7-3A40-11EA-8FA0-7845C4C5C539,"C:\Hackatown2020\recyclable\paper\Catalogue, brochure, pamphlet, etc\paper9.jpg",G,NOT_AUGMENTED,WholeImage,2,
C2F074F8-3A40-11EA-8FA0-7845C4C5C539,"C:\Hackatown2020\recyclable\paper\Catalogue, brochure, pamphlet, etc\paper14.jpg",G,NOT_AUGMENTED,WholeImage,2,
C2F074F9-3A40-11EA-8FA0-7845C4C5C539,"C:\Hackatown2020\recyclable\paper\Catalogue, brochure, pamphlet, etc\paper15.jpg",G,NOT_AUGMENTED,WholeImage,2,
C2F074FA-3A40-11EA-8FA0-7845C4C5C539,"C:\Hackatown2020\recyclable\paper\Catalogue, brochure, pamphlet, etc\paper16.jpg",G,NOT_AUGMENTED,WholeImage,2,
C2F074FB-3A40-11EA-8FA0-7845C4C5C539,"C:\Hackatown2020\recyclable\paper\Catalogue, brochure, pamphlet, etc\paper17.jpg",G,NOT_AUGMENTED,WholeImage,2,
C2F074FC-3A40-11EA-8FA0-7845C4C5C539,"C:\Hackatown2020\recyclable\paper\Catalogue, brochure, pamphlet, etc\paper18.jpg",G,NOT_AUGMENTED,WholeImage,2,
C2F074FD-3A40-11EA-8FA0-7845C4C5C539,"C:\Hackatown2020\recyclable\paper\Catalogue, brochure, pamphlet, etc\paper19.jpg",G,NOT_AUGMENTED,WholeImage,2,
C2F074FE-3A40-11EA-8FA0-7845C4C5C539,"C:\Hackatown2020\recyclable\paper\Catalogue, brochure, pamphlet, etc\paper20.jpg",G,NOT_AUGMENTED,WholeImage,2,
C2F074FF-3A40-11EA-8FA0-7845C4C5C539,"C:\Hackatown2020\recyclable\paper\Catalogue, brochure, pamphlet, etc\paper24.jpg",G,NOT_AUGMENTED,WholeImage,2,
C2F07500-3A40-11EA-8FA0-7845C4C5C539,"C:\Hackatown2020\recyclable\paper\Catalogue, brochure, pamphlet, etc\paper25.jpg",G,NOT_AUGMENTED,WholeImage,2,
C2F07501-3A40-11EA-8FA0-7845C4C5C539,"C:\Hackatown2020\recyclable\paper\Catalogue, brochure, pamphlet, etc\paper26.jpg",G,NOT_AUGMENTED,WholeImage,2,
C2F07502-3A40-11EA-8FA0-7845C4C5C539,"C:\Hackatown2020\recyclable\paper\Catalogue, brochure, pamphlet, etc\paper28.jpg",G,NOT_AUGMENTED,WholeImage,2,
C2F07503-3A40-11EA-8FA0-7845C4C5C539,"C:\Hackatown2020\recyclable\paper\Catalogue, brochure, pamphlet, etc\paper29.jpg",G,NOT_AUGMENTED,WholeImage,2,
C2F07504-3A40-11EA-8FA0-7845C4C5C539,"C:\Hackatown2020\recyclable\paper\Catalogue, brochure, pamphlet, etc\paper34.jpg",G,NOT_AUGMENTED,WholeImage,2,
C2F07505-3A40-11EA-8FA0-7845C4C5C539,"C:\Hackatown2020\recyclable\paper\Catalogue, brochure, pamphlet, etc\paper35.jpg",G,NOT_AUGMENTED,WholeImage,2,
C2F07506-3A40-11EA-8FA0-7845C4C5C539,"C:\Hackatown2020\recyclable\paper\Catalogue, brochure, pamphlet, etc\paper37.jpg",G,NOT_AUGMENTED,WholeImage,2,
C2F07507-3A40-11EA-8FA0-7845C4C5C539,"C:\Hackatown2020\recyclable\paper\Catalogue, brochure, pamphlet, etc\paper40.jpg",G,NOT_AUGMENTED,WholeImage,2,
C2F07508-3A40-11EA-8FA0-7845C4C5C539,"C:\Hackatown2020\recyclable\paper\Catalogue, brochure, pamphlet, etc\paper41.jpg",G,NOT_AUGMENTED,WholeImage,2,
C2F07509-3A40-11EA-8FA0-7845C4C5C539,"C:\Hackatown2020\recyclable\paper\Catalogue, brochure, pamphlet, etc\paper42.jpg",G,NOT_AUGMENTED,WholeImage,2,
C2F0750A-3A40-11EA-8FA0-7845C4C5C539,"C:\Hackatown2020\recyclable\paper\Catalogue, brochure, pamphlet, etc\paper44.jpg",G,NOT_AUGMENTED,WholeImage,2,
C2F0750B-3A40-11EA-8FA0-7845C4C5C539,"C:\Hackatown2020\recyclable\paper\Catalogue, brochure, pamphlet, etc\paper46.jpg",G,NOT_AUGMENTED,WholeImage,2,
C2F0750C-3A40-11EA-8FA0-7845C4C5C539,"C:\Hackatown2020\recyclable\paper\Catalogue, brochure, pamphlet, etc\paper47.jpg",G,NOT_AUGMENTED,WholeImage,2,
C2F0750D-3A40-11EA-8FA0-7845C4C5C539,"C:\Hackatown2020\recyclable\paper\Catalogue, brochure, pamphlet, etc\paper48.jpg",G,NOT_AUGMENTED,WholeImage,2,
C2F0750E-3A40-11EA-8FA0-7845C4C5C539,"C:\Hackatown2020\recyclable\paper\Catalogue, brochure, pamphlet, etc\paper49.jpg",G,NOT_AUGMENTED,WholeImage,2,
C2F0750F-3A40-11EA-8FA0-7845C4C5C539,"C:\Hackatown2020\recyclable\paper\Catalogue, brochure, pamphlet, etc\paper55.jpg",G,NOT_AUGMENTED,WholeImage,2,
C2F07510-3A40-11EA-8FA0-7845C4C5C539,"C:\Hackatown2020\recyclable\paper\Catalogue, brochure, pamphlet, etc\paper56.jpg",G,NOT_AUGMENTED,WholeImage,2,
C2F07511-3A40-11EA-8FA0-7845C4C5C539,"C:\Hackatown2020\recyclable\paper\Catalogue, brochure, pamphlet, etc\paper61.jpg",G,NOT_AUGMENTED,WholeImage,2,
C2F07512-3A40-11EA-8FA0-7845C4C5C539,"C:\Hackatown2020\recyclable\paper\Catalogue, brochure, pamphlet, etc\paper64.jpg",G,NOT_AUGMENTED,WholeImage,2,
C2F07513-3A40-11EA-8FA0-7845C4C5C539,"C:\Hackatown2020\recyclable\paper\Catalogue, brochure, pamphlet, etc\paper65.jpg",G,NOT_AUGMENTED,WholeImage,2,
C2F07514-3A40-11EA-8FA0-7845C4C5C539,"C:\Hackatown2020\recyclable\paper\Catalogue, brochure, pamphlet, etc\paper68.jpg",G,NOT_AUGMENTED,WholeImage,2,
C2F07515-3A40-11EA-8FA0-7845C4C5C539,"C:\Hackatown2020\recyclable\paper\Catalogue, brochure, pamphlet, etc\paper69.jpg",G,NOT_AUGMENTED,WholeImage,2,
C2F07516-3A40-11EA-8FA0-7845C4C5C539,"C:\Hackatown2020\recyclable\paper\Catalogue, brochure, pamphlet, etc\paper72.jpg",G,NOT_AUGMENTED,WholeImage,2,
C2F07517-3A40-11EA-8FA0-7845C4C5C539,"C:\Hackatown2020\recyclable\paper\Catalogue, brochure, pamphlet, etc\paper73.jpg",G,NOT_AUGMENTED,WholeImage,2,
C2F07518-3A40-11EA-8FA0-7845C4C5C539,"C:\Hackatown2020\recyclable\paper\Catalogue, brochure, pamphlet, etc\paper74.jpg",G,NOT_AUGMENTED,WholeImage,2,
C2F07519-3A40-11EA-8FA0-7845C4C5C539,"C:\Hackatown2020\recyclable\paper\Catalogue, brochure, pamphlet, etc\paper76.jpg",G,NOT_AUGMENTED,WholeImage,2,
C2F0751A-3A40-11EA-8FA0-7845C4C5C539,"C:\Hackatown2020\recyclable\paper\Catalogue, brochure, pamphlet, etc\paper79.jpg",G,NOT_AUGMENTED,WholeImage,2,
C2F0751B-3A40-11EA-8FA0-7845C4C5C539,"C:\Hackatown2020\recyclable\paper\Catalogue, brochure, pamphlet, etc\paper81.jpg",G,NOT_AUGMENTED,WholeImage,2,
C2F0751C-3A40-11EA-8FA0-7845C4C5C539,"C:\Hackatown2020\recyclable\paper\Catalogue, brochure, pamphlet, etc\paper82.jpg",G,NOT_AUGMENTED,WholeImage,2,
C2F0751D-3A40-11EA-8FA0-7845C4C5C539,"C:\Hackatown2020\recyclable\paper\Catalogue, brochure, pamphlet, etc\paper83.jpg",G,NOT_AUGMENTED,WholeImage,2,
C2F0751E-3A40-11EA-8FA0-7845C4C5C539,"C:\Hackatown2020\recyclable\paper\Catalogue, brochure, pamphlet, etc\paper84.jpg",G,NOT_AUGMENTED,WholeImage,2,
C2F0751F-3A40-11EA-8FA0-7845C4C5C539,"C:\Hackatown2020\recyclable\paper\Catalogue, brochure, pamphlet, etc\paper86.jpg",G,NOT_AUGMENTED,WholeImage,2,
C2F07520-3A40-11EA-8FA0-7845C4C5C539,"C:\Hackatown2020\recyclable\paper\Catalogue, brochure, pamphlet, etc\paper88.jpg",G,NOT_AUGMENTED,WholeImage,2,
C2F07521-3A40-11EA-8FA0-7845C4C5C539,"C:\Hackatown2020\recyclable\paper\Catalogue, brochure, pamphlet, etc\paper89.jpg",G,NOT_AUGMENTED,WholeImage,2,
C2F07522-3A40-11EA-8FA0-7845C4C5C539,"C:\Hackatown2020\recyclable\paper\Catalogue, brochure, pamphlet, etc\paper90.jpg",G,NOT_AUGMENTED,WholeImage,2,
C2F07523-3A40-11EA-8FA0-7845C4C5C539,"C:\Hackatown2020\recyclable\paper\Catalogue, brochure, pamphlet, etc\paper92.jpg",G,NOT_AUGMENTED,WholeImage,2,
C2F07524-3A40-11EA-8FA0-7845C4C5C539,"C:\Hackatown2020\recyclable\paper\Catalogue, brochure, pamphlet, etc\paper93.jpg",G,NOT_AUGMENTED,WholeImage,2,
C2F07525-3A40-11EA-8FA0-7845C4C5C539,"C:\Hackatown2020\recyclable\paper\Catalogue, brochure, pamphlet, etc\paper97.jpg",G,NOT_AUGMENTED,WholeImage,2,
C2F07526-3A40-11EA-8FA0-7845C4C5C539,"C:\Hackatown2020\recyclable\paper\Catalogue, brochure, pamphlet, etc\paper99.jpg",G,NOT_AUGMENTED,WholeImage,2,
C2F07527-3A40-11EA-8FA0-7845C4C5C539,"C:\Hackatown2020\recyclable\paper\Catalogue, brochure, pamphlet, etc\paper100.jpg",G,NOT_AUGMENTED,WholeImage,2,
C2F07528-3A40-11EA-8FA0-7845C4C5C539,"C:\Hackatown2020\recyclable\paper\Catalogue, brochure, pamphlet, etc\paper101.jpg",G,NOT_AUGMENTED,WholeImage,2,
C2F07529-3A40-11EA-8FA0-7845C4C5C539,"C:\Hackatown2020\recyclable\paper\Catalogue, brochure, pamphlet, etc\paper102.jpg",G,NOT_AUGMENTED,WholeImage,2,
C2F0752A-3A40-11EA-8FA0-7845C4C5C539,"C:\Hackatown2020\recyclable\paper\Catalogue, brochure, pamphlet, etc\paper103.jpg",G,NOT_AUGMENTED,WholeImage,2,
C2F0752B-3A40-11EA-8FA0-7845C4C5C539,"C:\Hackatown2020\recyclable\paper\Catalogue, brochure, pamphlet, etc\paper104.jpg",G,NOT_AUGMENTED,WholeImage,2,
C2F0752C-3A40-11EA-8FA0-7845C4C5C539,"C:\Hackatown2020\recyclable\paper\Catalogue, brochure, pamphlet, etc\paper105.jpg",G,NOT_AUGMENTED,WholeImage,2,
C2F0752D-3A40-11EA-8FA0-7845C4C5C539,"C:\Hackatown2020\recyclable\paper\Catalogue, brochure, pamphlet, etc\paper108.jpg",G,NOT_AUGMENTED,WholeImage,2,
C2F0752E-3A40-11EA-8FA0-7845C4C5C539,"C:\Hackatown2020\recyclable\paper\Catalogue, brochure, pamphlet, etc\paper109.jpg",G,NOT_AUGMENTED,WholeImage,2,
C2F0752F-3A40-11EA-8FA0-7845C4C5C539,"C:\Hackatown2020\recyclable\paper\Catalogue, brochure, pamphlet, etc\paper111.jpg",G,NOT_AUGMENTED,WholeImage,2,
C2F07530-3A40-11EA-8FA0-7845C4C5C539,"C:\Hackatown2020\recyclable\paper\Catalogue, brochure, pamphlet, etc\paper112.jpg",G,NOT_AUGMENTED,WholeImage,2,
C2F07531-3A40-11EA-8FA0-7845C4C5C539,"C:\Hackatown2020\recyclable\paper\Catalogue, brochure, pamphlet, etc\paper113.jpg",G,NOT_AUGMENTED,WholeImage,2,
C2F07532-3A40-11EA-8FA0-7845C4C5C539,"C:\Hackatown2020\recyclable\paper\Catalogue, brochure, pamphlet, etc\paper114.jpg",G,NOT_AUGMENTED,WholeImage,2,
C2F07533-3A40-11EA-8FA0-7845C4C5C539,"C:\Hackatown2020\recyclable\paper\Catalogue, brochure, pamphlet, etc\paper121.jpg",G,NOT_AUGMENTED,WholeImage,2,
C2F07534-3A40-11EA-8FA0-7845C4C5C539,"C:\Hackatown2020\recyclable\paper\Catalogue, brochure, pamphlet, etc\paper123.jpg",G,NOT_AUGMENTED,WholeImage,2,
C2F07535-3A40-11EA-8FA0-7845C4C5C539,"C:\Hackatown2020\recyclable\paper\Catalogue, brochure, pamphlet, etc\paper125.jpg",G,NOT_AUGMENTED,WholeImage,2,
C2F07536-3A40-11EA-8FA0-7845C4C5C539,"C:\Hackatown2020\recyclable\paper\Catalogue, brochure, pamphlet, etc\paper128.jpg",G,NOT_AUGMENTED,WholeImage,2,
C2F07537-3A40-11EA-8FA0-7845C4C5C539,"C:\Hackatown2020\recyclable\paper\Catalogue, brochure, pamphlet, etc\paper129.jpg",G,NOT_AUGMENTED,WholeImage,2,
C2F07538-3A40-11EA-8FA0-7845C4C5C539,"C:\Hackatown2020\recyclable\paper\Catalogue, brochure, pamphlet, etc\paper130.jpg",G,NOT_AUGMENTED,WholeImage,2,
C2F07539-3A40-11EA-8FA0-7845C4C5C539,"C:\Hackatown2020\recyclable\paper\Catalogue, brochure, pamphlet, etc\paper135.jpg",G,NOT_AUGMENTED,WholeImage,2,
C2F0753A-3A40-11EA-8FA0-7845C4C5C539,"C:\Hackatown2020\recyclable\paper\Catalogue, brochure, pamphlet, etc\paper136.jpg",G,NOT_AUGMENTED,WholeImage,2,
C2F0753B-3A40-11EA-8FA0-7845C4C5C539,"C:\Hackatown2020\recyclable\paper\Catalogue, brochure, pamphlet, etc\paper139.jpg",G,NOT_AUGMENTED,WholeImage,2,
C2F0753C-3A40-11EA-8FA0-7845C4C5C539,"C:\Hackatown2020\recyclable\paper\Catalogue, brochure, pamphlet, etc\paper140.jpg",G,NOT_AUGMENTED,WholeImage,2,
C2F0753D-3A40-11EA-8FA0-7845C4C5C539,"C:\Hackatown2020\recyclable\paper\Catalogue, brochure, pamphlet, etc\paper141.jpg",G,NOT_AUGMENTED,WholeImage,2,
C2F0753E-3A40-11EA-8FA0-7845C4C5C539,"C:\Hackatown2020\recyclable\paper\Catalogue, brochure, pamphlet, etc\paper144.jpg",G,NOT_AUGMENTED,WholeImage,2,
C2F0753F-3A40-11EA-8FA0-7845C4C5C539,"C:\Hackatown2020\recyclable\paper\Catalogue, brochure, pamphlet, etc\paper147.jpg",G,NOT_AUGMENTED,WholeImage,2,
C2F07540-3A40-11EA-8FA0-7845C4C5C539,"C:\Hackatown2020\recyclable\paper\Catalogue, brochure, pamphlet, etc\paper148.jpg",G,NOT_AUGMENTED,WholeImage,2,
C2F07541-3A40-11EA-8FA0-7845C4C5C539,"C:\Hackatown2020\recyclable\paper\Catalogue, brochure, pamphlet, etc\paper151.jpg",G,NOT_AUGMENTED,WholeImage,2,
C2F07542-3A40-11EA-8FA0-7845C4C5C539,"C:\Hackatown2020\recyclable\paper\Catalogue, brochure, pamphlet, etc\paper152.jpg",G,NOT_AUGMENTED,WholeImage,2,
C2F07543-3A40-11EA-8FA0-7845C4C5C539,"C:\Hackatown2020\recyclable\paper\Catalogue, brochure, pamphlet, etc\paper153.jpg",G,NOT_AUGMENTED,WholeImage,2,
C2F07544-3A40-11EA-8FA0-7845C4C5C539,"C:\Hackatown2020\recyclable\paper\Catalogue, brochure, pamphlet, etc\paper155.jpg",G,NOT_AUGMENTED,WholeImage,2,
C2F07545-3A40-11EA-8FA0-7845C4C5C539,"C:\Hackatown2020\recyclable\paper\Catalogue, brochure, pamphlet, etc\paper161.jpg",G,NOT_AUGMENTED,WholeImage,2,
C2F07546-3A40-11EA-8FA0-7845C4C5C539,"C:\Hackatown2020\recyclable\paper\Catalogue, brochure, pamphlet, etc\paper162 - Copy.jpg",G,NOT_AUGMENTED,WholeImage,2,
C2F07547-3A40-11EA-8FA0-7845C4C5C539,"C:\Hackatown2020\recyclable\paper\Catalogue, brochure, pamphlet, etc\paper163.jpg",G,NOT_AUGMENTED,WholeImage,2,
C2F07548-3A40-11EA-8FA0-7845C4C5C539,"C:\Hackatown2020\recyclable\paper\Catalogue, brochure, pamphlet, etc\paper165.jpg",G,NOT_AUGMENTED,WholeImage,2,
C2F07549-3A40-11EA-8FA0-7845C4C5C539,"C:\Hackatown2020\recyclable\paper\Catalogue, brochure, pamphlet, etc\paper167.jpg",G,NOT_AUGMENTED,WholeImage,2,
C2F0754A-3A40-11EA-8FA0-7845C4C5C539,"C:\Hackatown2020\recyclable\paper\Catalogue, brochure, pamphlet, etc\paper168.jpg",G,NOT_AUGMENTED,WholeImage,2,
C2F0754B-3A40-11EA-8FA0-7845C4C5C539,"C:\Hackatown2020\recyclable\paper\Catalogue, brochure, pamphlet, etc\paper174.jpg",G,NOT_AUGMENTED,WholeImage,2,
C2F0754C-3A40-11EA-8FA0-7845C4C5C539,"C:\Hackatown2020\recyclable\paper\Catalogue, brochure, pamphlet, etc\paper176.jpg",G,NOT_AUGMENTED,WholeImage,2,
C2F0754D-3A40-11EA-8FA0-7845C4C5C539,"C:\Hackatown2020\recyclable\paper\Catalogue, brochure, pamphlet, etc\paper180.jpg",G,NOT_AUGMENTED,WholeImage,2,
C2F0754E-3A40-11EA-8FA0-7845C4C5C539,"C:\Hackatown2020\recyclable\paper\Catalogue, brochure, pamphlet, etc\paper182.jpg",G,NOT_AUGMENTED,WholeImage,2,
C2F0754F-3A40-11EA-8FA0-7845C4C5C539,"C:\Hackatown2020\recyclable\paper\Catalogue, brochure, pamphlet, etc\paper183.jpg",G,NOT_AUGMENTED,WholeImage,2,
C2F07550-3A40-11EA-8FA0-7845C4C5C539,"C:\Hackatown2020\recyclable\paper\Catalogue, brochure, pamphlet, etc\paper184.jpg",G,NOT_AUGMENTED,WholeImage,2,
C2F07551-3A40-11EA-8FA0-7845C4C5C539,"C:\Hackatown2020\recyclable\paper\Catalogue, brochure, pamphlet, etc\paper185.jpg",G,NOT_AUGMENTED,WholeImage,2,
C2F07552-3A40-11EA-8FA0-7845C4C5C539,"C:\Hackatown2020\recyclable\paper\Catalogue, brochure, pamphlet, etc\paper186.jpg",G,NOT_AUGMENTED,WholeImage,2,
C2F07553-3A40-11EA-8FA0-7845C4C5C539,"C:\Hackatown2020\recyclable\paper\Catalogue, brochure, pamphlet, etc\paper188.jpg",G,NOT_AUGMENTED,WholeImage,2,
C2F07554-3A40-11EA-8FA0-7845C4C5C539,"C:\Hackatown2020\recyclable\paper\Catalogue, brochure, pamphlet, etc\paper189.jpg",G,NOT_AUGMENTED,WholeImage,2,
C2F07555-3A40-11EA-8FA0-7845C4C5C539,"C:\Hackatown2020\recyclable\paper\Catalogue, brochure, pamphlet, etc\paper190.jpg",G,NOT_AUGMENTED,WholeImage,2,
C2F07556-3A40-11EA-8FA0-7845C4C5C539,"C:\Hackatown2020\recyclable\paper\Catalogue, brochure, pamphlet, etc\paper192.jpg",G,NOT_AUGMENTED,WholeImage,2,
C2F07557-3A40-11EA-8FA0-7845C4C5C539,"C:\Hackatown2020\recyclable\paper\Catalogue, brochure, pamphlet, etc\paper193.jpg",G,NOT_AUGMENTED,WholeImage,2,
C2F07558-3A40-11EA-8FA0-7845C4C5C539,"C:\Hackatown2020\recyclable\paper\Catalogue, brochure, pamphlet, etc\paper194.jpg",G,NOT_AUGMENTED,WholeImage,2,
C2F07559-3A40-11EA-8FA0-7845C4C5C539,"C:\Hackatown2020\recyclable\paper\Catalogue, brochure, pamphlet, etc\paper195.jpg",G,NOT_AUGMENTED,WholeImage,2,
C2F0755A-3A40-11EA-8FA0-7845C4C5C539,"C:\Hackatown2020\recyclable\paper\Catalogue, brochure, pamphlet, etc\paper196.jpg",G,NOT_AUGMENTED,WholeImage,2,
C2F0755B-3A40-11EA-8FA0-7845C4C5C539,"C:\Hackatown2020\recyclable\paper\Catalogue, brochure, pamphlet, etc\paper197.jpg",G,NOT_AUGMENTED,WholeImage,2,
C2F0755C-3A40-11EA-8FA0-7845C4C5C539,"C:\Hackatown2020\recyclable\paper\Catalogue, brochure, pamphlet, etc\paper198.jpg",G,NOT_AUGMENTED,WholeImage,2,
C2F0755D-3A40-11EA-8FA0-7845C4C5C539,"C:\Hackatown2020\recyclable\paper\Catalogue, brochure, pamphlet, etc\paper199.jpg",G,NOT_AUGMENTED,WholeImage,2,
C2F0755E-3A40-11EA-8FA0-7845C4C5C539,"C:\Hackatown2020\recyclable\paper\Catalogue, brochure, pamphlet, etc\paper202.jpg",G,NOT_AUGMENTED,WholeImage,2,
C2F0755F-3A40-11EA-8FA0-7845C4C5C539,"C:\Hackatown2020\recyclable\paper\Catalogue, brochure, pamphlet, etc\paper205.jpg",G,NOT_AUGMENTED,WholeImage,2,
C2F07560-3A40-11EA-8FA0-7845C4C5C539,"C:\Hackatown2020\recyclable\paper\Catalogue, brochure, pamphlet, etc\paper206.jpg",G,NOT_AUGMENTED,WholeImage,2,
C2F07561-3A40-11EA-8FA0-7845C4C5C539,"C:\Hackatown2020\recyclable\paper\Catalogue, brochure, pamphlet, etc\paper207.jpg",G,NOT_AUGMENTED,WholeImage,2,
C2F07562-3A40-11EA-8FA0-7845C4C5C539,"C:\Hackatown2020\recyclable\paper\Catalogue, brochure, pamphlet, etc\paper208.jpg",G,NOT_AUGMENTED,WholeImage,2,
C2F07563-3A40-11EA-8FA0-7845C4C5C539,"C:\Hackatown2020\recyclable\paper\Catalogue, brochure, pamphlet, etc\paper209.jpg",G,NOT_AUGMENTED,WholeImage,2,
C2F07564-3A40-11EA-8FA0-7845C4C5C539,"C:\Hackatown2020\recyclable\paper\Catalogue, brochure, pamphlet, etc\paper210.jpg",G,NOT_AUGMENTED,WholeImage,2,
C2F07565-3A40-11EA-8FA0-7845C4C5C539,"C:\Hackatown2020\recyclable\paper\Catalogue, brochure, pamphlet, etc\paper214.jpg",G,NOT_AUGMENTED,WholeImage,2,
C2F07566-3A40-11EA-8FA0-7845C4C5C539,"C:\Hackatown2020\recyclable\paper\Catalogue, brochure, pamphlet, etc\paper215.jpg",G,NOT_AUGMENTED,WholeImage,2,
C2F07567-3A40-11EA-8FA0-7845C4C5C539,"C:\Hackatown2020\recyclable\paper\Catalogue, brochure, pamphlet, etc\paper216.jpg",G,NOT_AUGMENTED,WholeImage,2,
C2F07568-3A40-11EA-8FA0-7845C4C5C539,"C:\Hackatown2020\recyclable\paper\Catalogue, brochure, pamphlet, etc\paper217.jpg",G,NOT_AUGMENTED,WholeImage,2,
C2F07569-3A40-11EA-8FA0-7845C4C5C539,"C:\Hackatown2020\recyclable\paper\Catalogue, brochure, pamphlet, etc\paper218.jpg",G,NOT_AUGMENTED,WholeImage,2,
C2F0756A-3A40-11EA-8FA0-7845C4C5C539,"C:\Hackatown2020\recyclable\paper\Catalogue, brochure, pamphlet, etc\paper221.jpg",G,NOT_AUGMENTED,WholeImage,2,
C2F0756B-3A40-11EA-8FA0-7845C4C5C539,"C:\Hackatown2020\recyclable\paper\Catalogue, brochure, pamphlet, etc\paper223.jpg",G,NOT_AUGMENTED,WholeImage,2,
C2F0756C-3A40-11EA-8FA0-7845C4C5C539,"C:\Hackatown2020\recyclable\paper\Catalogue, brochure, pamphlet, etc\paper224.jpg",G,NOT_AUGMENTED,WholeImage,2,
C2F0756D-3A40-11EA-8FA0-7845C4C5C539,"C:\Hackatown2020\recyclable\paper\Catalogue, brochure, pamphlet, etc\paper227.jpg",G,NOT_AUGMENTED,WholeImage,2,
C2F0756E-3A40-11EA-8FA0-7845C4C5C539,"C:\Hackatown2020\recyclable\paper\Catalogue, brochure, pamphlet, etc\paper231.jpg",G,NOT_AUGMENTED,WholeImage,2,
C2F0756F-3A40-11EA-8FA0-7845C4C5C539,"C:\Hackatown2020\recyclable\paper\Catalogue, brochure, pamphlet, etc\paper233.jpg",G,NOT_AUGMENTED,WholeImage,2,
C2F07570-3A40-11EA-8FA0-7845C4C5C539,"C:\Hackatown2020\recyclable\paper\Catalogue, brochure, pamphlet, etc\paper234.jpg",G,NOT_AUGMENTED,WholeImage,2,
C2F07571-3A40-11EA-8FA0-7845C4C5C539,"C:\Hackatown2020\recyclable\paper\Catalogue, brochure, pamphlet, etc\paper236.jpg",G,NOT_AUGMENTED,WholeImage,2,
C2F07572-3A40-11EA-8FA0-7845C4C5C539,"C:\Hackatown2020\recyclable\paper\Catalogue, brochure, pamphlet, etc\paper237.jpg",G,NOT_AUGMENTED,WholeImage,2,
C2F07573-3A40-11EA-8FA0-7845C4C5C539,"C:\Hackatown2020\recyclable\paper\Catalogue, brochure, pamphlet, etc\paper245.jpg",G,NOT_AUGMENTED,WholeImage,2,
C2F07574-3A40-11EA-8FA0-7845C4C5C539,"C:\Hackatown2020\recyclable\paper\Catalogue, brochure, pamphlet, etc\paper246.jpg",G,NOT_AUGMENTED,WholeImage,2,
C2F07575-3A40-11EA-8FA0-7845C4C5C539,"C:\Hackatown2020\recyclable\paper\Catalogue, brochure, pamphlet, etc\paper247.jpg",G,NOT_AUGMENTED,WholeImage,2,
C2F07576-3A40-11EA-8FA0-7845C4C5C539,"C:\Hackatown2020\recyclable\paper\Catalogue, brochure, pamphlet, etc\paper248.jpg",G,NOT_AUGMENTED,WholeImage,2,
C2F07577-3A40-11EA-8FA0-7845C4C5C539,"C:\Hackatown2020\recyclable\paper\Catalogue, brochure, pamphlet, etc\paper250.jpg",G,NOT_AUGMENTED,WholeImage,2,
C2F07578-3A40-11EA-8FA0-7845C4C5C539,"C:\Hackatown2020\recyclable\paper\Catalogue, brochure, pamphlet, etc\paper251.jpg",G,NOT_AUGMENTED,WholeImage,2,
C2F07579-3A40-11EA-8FA0-7845C4C5C539,"C:\Hackatown2020\recyclable\paper\Catalogue, brochure, pamphlet, etc\paper252.jpg",G,NOT_AUGMENTED,WholeImage,2,
C2F0757A-3A40-11EA-8FA0-7845C4C5C539,"C:\Hackatown2020\recyclable\paper\Catalogue, brochure, pamphlet, etc\paper253.jpg",G,NOT_AUGMENTED,WholeImage,2,
C2F0757B-3A40-11EA-8FA0-7845C4C5C539,"C:\Hackatown2020\recyclable\paper\Catalogue, brochure, pamphlet, etc\paper254.jpg",G,NOT_AUGMENTED,WholeImage,2,
C2F0757C-3A40-11EA-8FA0-7845C4C5C539,"C:\Hackatown2020\recyclable\paper\Catalogue, brochure, pamphlet, etc\paper257.jpg",G,NOT_AUGMENTED,WholeImage,2,
C2F0757D-3A40-11EA-8FA0-7845C4C5C539,"C:\Hackatown2020\recyclable\paper\Catalogue, brochure, pamphlet, etc\paper259.jpg",G,NOT_AUGMENTED,WholeImage,2,
C2F0757E-3A40-11EA-8FA0-7845C4C5C539,"C:\Hackatown2020\recyclable\paper\Catalogue, brochure, pamphlet, etc\paper260.jpg",G,NOT_AUGMENTED,WholeImage,2,
C2F0757F-3A40-11EA-8FA0-7845C4C5C539,"C:\Hackatown2020\recyclable\paper\Catalogue, brochure, pamphlet, etc\paper262.jpg",G,NOT_AUGMENTED,WholeImage,2,
C2F07580-3A40-11EA-8FA0-7845C4C5C539,"C:\Hackatown2020\recyclable\paper\Catalogue, brochure, pamphlet, etc\paper265.jpg",G,NOT_AUGMENTED,WholeImage,2,
C2F07581-3A40-11EA-8FA0-7845C4C5C539,"C:\Hackatown2020\recyclable\paper\Catalogue, brochure, pamphlet, etc\paper266.jpg",G,NOT_AUGMENTED,WholeImage,2,
C2F07582-3A40-11EA-8FA0-7845C4C5C539,"C:\Hackatown2020\recyclable\paper\Catalogue, brochure, pamphlet, etc\paper267.jpg",G,NOT_AUGMENTED,WholeImage,2,
C2F07583-3A40-11EA-8FA0-7845C4C5C539,"C:\Hackatown2020\recyclable\paper\Catalogue, brochure, pamphlet, etc\paper268.jpg",G,NOT_AUGMENTED,WholeImage,2,
C2F07584-3A40-11EA-8FA0-7845C4C5C539,"C:\Hackatown2020\recyclable\paper\Catalogue, brochure, pamphlet, etc\paper269.jpg",G,NOT_AUGMENTED,WholeImage,2,
C2F07585-3A40-11EA-8FA0-7845C4C5C539,"C:\Hackatown2020\recyclable\paper\Catalogue, brochure, pamphlet, etc\paper271.jpg",G,NOT_AUGMENTED,WholeImage,2,
C2F07586-3A40-11EA-8FA0-7845C4C5C539,"C:\Hackatown2020\recyclable\paper\Catalogue, brochure, pamphlet, etc\paper275.jpg",G,NOT_AUGMENTED,WholeImage,2,
C2F07587-3A40-11EA-8FA0-7845C4C5C539,"C:\Hackatown2020\recyclable\paper\Catalogue, brochure, pamphlet, etc\paper278.jpg",G,NOT_AUGMENTED,WholeImage,2,
C2F07588-3A40-11EA-8FA0-7845C4C5C539,"C:\Hackatown2020\recyclable\paper\Catalogue, brochure, pamphlet, etc\paper284.jpg",G,NOT_AUGMENTED,WholeImage,2,
C2F07589-3A40-11EA-8FA0-7845C4C5C539,"C:\Hackatown2020\recyclable\paper\Catalogue, brochure, pamphlet, etc\paper285.jpg",G,NOT_AUGMENTED,WholeImage,2,
C2F0758A-3A40-11EA-8FA0-7845C4C5C539,"C:\Hackatown2020\recyclable\paper\Catalogue, brochure, pamphlet, etc\paper286.jpg",G,NOT_AUGMENTED,WholeImage,2,
C2F0758B-3A40-11EA-8FA0-7845C4C5C539,"C:\Hackatown2020\recyclable\paper\Catalogue, brochure, pamphlet, etc\paper287.jpg",G,NOT_AUGMENTED,WholeImage,2,
C2F0758C-3A40-11EA-8FA0-7845C4C5C539,"C:\Hackatown2020\recyclable\paper\Catalogue, brochure, pamphlet, etc\paper288.jpg",G,NOT_AUGMENTED,WholeImage,2,
C2F0758D-3A40-11EA-8FA0-7845C4C5C539,"C:\Hackatown2020\recyclable\paper\Catalogue, brochure, pamphlet, etc\paper289.jpg",G,NOT_AUGMENTED,WholeImage,2,
C2F0758E-3A40-11EA-8FA0-7845C4C5C539,"C:\Hackatown2020\recyclable\paper\Catalogue, brochure, pamphlet, etc\paper290.jpg",G,NOT_AUGMENTED,WholeImage,2,
C2F0758F-3A40-11EA-8FA0-7845C4C5C539,"C:\Hackatown2020\recyclable\paper\Catalogue, brochure, pamphlet, etc\paper291.jpg",G,NOT_AUGMENTED,WholeImage,2,
C2F07590-3A40-11EA-8FA0-7845C4C5C539,"C:\Hackatown2020\recyclable\paper\Catalogue, brochure, pamphlet, etc\paper297.jpg",G,NOT_AUGMENTED,WholeImage,2,
C2F07591-3A40-11EA-8FA0-7845C4C5C539,"C:\Hackatown2020\recyclable\paper\Catalogue, brochure, pamphlet, etc\paper298.jpg",G,NOT_AUGMENTED,WholeImage,2,
C2F07592-3A40-11EA-8FA0-7845C4C5C539,"C:\Hackatown2020\recyclable\paper\Catalogue, brochure, pamphlet, etc\paper300.jpg",G,NOT_AUGMENTED,WholeImage,2,
C2F07593-3A40-11EA-8FA0-7845C4C5C539,"C:\Hackatown2020\recyclable\paper\Catalogue, brochure, pamphlet, etc\paper305.jpg",G,NOT_AUGMENTED,WholeImage,2,
C2F07594-3A40-11EA-8FA0-7845C4C5C539,"C:\Hackatown2020\recyclable\paper\Catalogue, brochure, pamphlet, etc\paper307.jpg",G,NOT_AUGMENTED,WholeImage,2,
C2F07595-3A40-11EA-8FA0-7845C4C5C539,"C:\Hackatown2020\recyclable\paper\Catalogue, brochure, pamphlet, etc\paper308.jpg",G,NOT_AUGMENTED,WholeImage,2,
C2F07596-3A40-11EA-8FA0-7845C4C5C539,"C:\Hackatown2020\recyclable\paper\Catalogue, brochure, pamphlet, etc\paper311.jpg",G,NOT_AUGMENTED,WholeImage,2,
C2F07597-3A40-11EA-8FA0-7845C4C5C539,"C:\Hackatown2020\recyclable\paper\Catalogue, brochure, pamphlet, etc\paper312.jpg",G,NOT_AUGMENTED,WholeImage,2,
C2F07598-3A40-11EA-8FA0-7845C4C5C539,"C:\Hackatown2020\recyclable\paper\Catalogue, brochure, pamphlet, etc\paper313.jpg",G,NOT_AUGMENTED,WholeImage,2,
C2F07599-3A40-11EA-8FA0-7845C4C5C539,"C:\Hackatown2020\recyclable\paper\Catalogue, brochure, pamphlet, etc\paper314.jpg",G,NOT_AUGMENTED,WholeImage,2,
C2F0759A-3A40-11EA-8FA0-7845C4C5C539,"C:\Hackatown2020\recyclable\paper\Catalogue, brochure, pamphlet, etc\paper316.jpg",G,NOT_AUGMENTED,WholeImage,2,
C2F0759B-3A40-11EA-8FA0-7845C4C5C539,"C:\Hackatown2020\recyclable\paper\Catalogue, brochure, pamphlet, etc\paper318.jpg",G,NOT_AUGMENTED,WholeImage,2,
C2F0759C-3A40-11EA-8FA0-7845C4C5C539,"C:\Hackatown2020\recyclable\paper\Catalogue, brochure, pamphlet, etc\paper319.jpg",G,NOT_AUGMENTED,WholeImage,2,
C2F0759D-3A40-11EA-8FA0-7845C4C5C539,"C:\Hackatown2020\recyclable\paper\Catalogue, brochure, pamphlet, etc\paper320.jpg",G,NOT_AUGMENTED,WholeImage,2,
C2F0759E-3A40-11EA-8FA0-7845C4C5C539,"C:\Hackatown2020\recyclable\paper\Catalogue, brochure, pamphlet, etc\paper324.jpg",G,NOT_AUGMENTED,WholeImage,2,
C2F0759F-3A40-11EA-8FA0-7845C4C5C539,"C:\Hackatown2020\recyclable\paper\Catalogue, brochure, pamphlet, etc\paper326.jpg",G,NOT_AUGMENTED,WholeImage,2,
C2F075A0-3A40-11EA-8FA0-7845C4C5C539,"C:\Hackatown2020\recyclable\paper\Catalogue, brochure, pamphlet, etc\paper327.jpg",G,NOT_AUGMENTED,WholeImage,2,
C2F075A1-3A40-11EA-8FA0-7845C4C5C539,"C:\Hackatown2020\recyclable\paper\Catalogue, brochure, pamphlet, etc\paper328.jpg",G,NOT_AUGMENTED,WholeImage,2,
C2F075A2-3A40-11EA-8FA0-7845C4C5C539,"C:\Hackatown2020\recyclable\paper\Catalogue, brochure, pamphlet, etc\paper330.jpg",G,NOT_AUGMENTED,WholeImage,2,
C2F075A3-3A40-11EA-8FA0-7845C4C5C539,"C:\Hackatown2020\recyclable\paper\Catalogue, brochure, pamphlet, etc\paper332.jpg",G,NOT_AUGMENTED,WholeImage,2,
C2F075A4-3A40-11EA-8FA0-7845C4C5C539,"C:\Hackatown2020\recyclable\paper\Catalogue, brochure, pamphlet, etc\paper335.jpg",G,NOT_AUGMENTED,WholeImage,2,
C2F075A5-3A40-11EA-8FA0-7845C4C5C539,"C:\Hackatown2020\recyclable\paper\Catalogue, brochure, pamphlet, etc\paper336.jpg",G,NOT_AUGMENTED,WholeImage,2,
C2F075A6-3A40-11EA-8FA0-7845C4C5C539,"C:\Hackatown2020\recyclable\paper\Catalogue, brochure, pamphlet, etc\paper338.jpg",G,NOT_AUGMENTED,WholeImage,2,
C2F075A7-3A40-11EA-8FA0-7845C4C5C539,"C:\Hackatown2020\recyclable\paper\Catalogue, brochure, pamphlet, etc\paper342.jpg",G,NOT_AUGMENTED,WholeImage,2,
C2F075A8-3A40-11EA-8FA0-7845C4C5C539,"C:\Hackatown2020\recyclable\paper\Catalogue, brochure, pamphlet, etc\paper345.jpg",G,NOT_AUGMENTED,WholeImage,2,
C2F075A9-3A40-11EA-8FA0-7845C4C5C539,"C:\Hackatown2020\recyclable\paper\Catalogue, brochure, pamphlet, etc\paper346.jpg",G,NOT_AUGMENTED,WholeImage,2,
C2F075AA-3A40-11EA-8FA0-7845C4C5C539,"C:\Hackatown2020\recyclable\paper\Catalogue, brochure, pamphlet, etc\paper349.jpg",G,NOT_AUGMENTED,WholeImage,2,
C2F075AB-3A40-11EA-8FA0-7845C4C5C539,"C:\Hackatown2020\recyclable\paper\Catalogue, brochure, pamphlet, etc\paper351.jpg",G,NOT_AUGMENTED,WholeImage,2,
C2F075AC-3A40-11EA-8FA0-7845C4C5C539,"C:\Hackatown2020\recyclable\paper\Catalogue, brochure, pamphlet, etc\paper352.jpg",G,NOT_AUGMENTED,WholeImage,2,
C2F075AD-3A40-11EA-8FA0-7845C4C5C539,"C:\Hackatown2020\recyclable\paper\Catalogue, brochure, pamphlet, etc\paper353.jpg",G,NOT_AUGMENTED,WholeImage,2,
C2F075AE-3A40-11EA-8FA0-7845C4C5C539,"C:\Hackatown2020\recyclable\paper\Catalogue, brochure, pamphlet, etc\paper356.jpg",G,NOT_AUGMENTED,WholeImage,2,
C2F075AF-3A40-11EA-8FA0-7845C4C5C539,"C:\Hackatown2020\recyclable\paper\Catalogue, brochure, pamphlet, etc\paper358.jpg",G,NOT_AUGMENTED,WholeImage,2,
C2F075B0-3A40-11EA-8FA0-7845C4C5C539,"C:\Hackatown2020\recyclable\paper\Catalogue, brochure, pamphlet, etc\paper360.jpg",G,NOT_AUGMENTED,WholeImage,2,
C2F075B1-3A40-11EA-8FA0-7845C4C5C539,"C:\Hackatown2020\recyclable\paper\Catalogue, brochure, pamphlet, etc\paper362.jpg",G,NOT_AUGMENTED,WholeImage,2,
C2F075B2-3A40-11EA-8FA0-7845C4C5C539,"C:\Hackatown2020\recyclable\paper\Catalogue, brochure, pamphlet, etc\paper364.jpg",G,NOT_AUGMENTED,WholeImage,2,
C2F075B3-3A40-11EA-8FA0-7845C4C5C539,"C:\Hackatown2020\recyclable\paper\Catalogue, brochure, pamphlet, etc\paper365.jpg",G,NOT_AUGMENTED,WholeImage,2,
C2F075B4-3A40-11EA-8FA0-7845C4C5C539,"C:\Hackatown2020\recyclable\paper\Catalogue, brochure, pamphlet, etc\paper369.jpg",G,NOT_AUGMENTED,WholeImage,2,
C2F075B5-3A40-11EA-8FA0-7845C4C5C539,"C:\Hackatown2020\recyclable\paper\Catalogue, brochure, pamphlet, etc\paper371.jpg",G,NOT_AUGMENTED,WholeImage,2,
C2F075B6-3A40-11EA-8FA0-7845C4C5C539,"C:\Hackatown2020\recyclable\paper\Catalogue, brochure, pamphlet, etc\paper372.jpg",G,NOT_AUGMENTED,WholeImage,2,
C2F075B7-3A40-11EA-8FA0-7845C4C5C539,"C:\Hackatown2020\recyclable\paper\Catalogue, brochure, pamphlet, etc\paper375.jpg",G,NOT_AUGMENTED,WholeImage,2,
C2F075B8-3A40-11EA-8FA0-7845C4C5C539,"C:\Hackatown2020\recyclable\paper\Catalogue, brochure, pamphlet, etc\paper379.jpg",G,NOT_AUGMENTED,WholeImage,2,
C2F075B9-3A40-11EA-8FA0-7845C4C5C539,"C:\Hackatown2020\recyclable\paper\Catalogue, brochure, pamphlet, etc\paper380.jpg",G,NOT_AUGMENTED,WholeImage,2,
C2F075BA-3A40-11EA-8FA0-7845C4C5C539,"C:\Hackatown2020\recyclable\paper\Catalogue, brochure, pamphlet, etc\paper381.jpg",G,NOT_AUGMENTED,WholeImage,2,
C2F075BB-3A40-11EA-8FA0-7845C4C5C539,"C:\Hackatown2020\recyclable\paper\Catalogue, brochure, pamphlet, etc\paper388.jpg",G,NOT_AUGMENTED,WholeImage,2,
C2F075BC-3A40-11EA-8FA0-7845C4C5C539,"C:\Hackatown2020\recyclable\paper\Catalogue, brochure, pamphlet, etc\paper390.jpg",G,NOT_AUGMENTED,WholeImage,2,
C2F075BD-3A40-11EA-8FA0-7845C4C5C539,"C:\Hackatown2020\recyclable\paper\Catalogue, brochure, pamphlet, etc\paper391.jpg",G,NOT_AUGMENTED,WholeImage,2,
C2F075BE-3A40-11EA-8FA0-7845C4C5C539,"C:\Hackatown2020\recyclable\paper\Catalogue, brochure, pamphlet, etc\paper392.jpg",G,NOT_AUGMENTED,WholeImage,2,
C2F075BF-3A40-11EA-8FA0-7845C4C5C539,"C:\Hackatown2020\recyclable\paper\Catalogue, brochure, pamphlet, etc\paper393.jpg",G,NOT_AUGMENTED,WholeImage,2,
C2F075C0-3A40-11EA-8FA0-7845C4C5C539,"C:\Hackatown2020\recyclable\paper\Catalogue, brochure, pamphlet, etc\paper394.jpg",G,NOT_AUGMENTED,WholeImage,2,
C2F075C1-3A40-11EA-8FA0-7845C4C5C539,"C:\Hackatown2020\recyclable\paper\Catalogue, brochure, pamphlet, etc\paper397.jpg",G,NOT_AUGMENTED,WholeImage,2,
C2F075C2-3A40-11EA-8FA0-7845C4C5C539,"C:\Hackatown2020\recyclable\paper\Catalogue, brochure, pamphlet, etc\paper399.jpg",G,NOT_AUGMENTED,WholeImage,2,
C2F075C3-3A40-11EA-8FA0-7845C4C5C539,"C:\Hackatown2020\recyclable\paper\Catalogue, brochure, pamphlet, etc\paper401.jpg",G,NOT_AUGMENTED,WholeImage,2,
C2F075C4-3A40-11EA-8FA0-7845C4C5C539,"C:\Hackatown2020\recyclable\paper\Catalogue, brochure, pamphlet, etc\paper402.jpg",G,NOT_AUGMENTED,WholeImage,2,
C2F075C5-3A40-11EA-8FA0-7845C4C5C539,"C:\Hackatown2020\recyclable\paper\Catalogue, brochure, pamphlet, etc\paper403.jpg",G,NOT_AUGMENTED,WholeImage,2,
C2F075C6-3A40-11EA-8FA0-7845C4C5C539,"C:\Hackatown2020\recyclable\paper\Catalogue, brochure, pamphlet, etc\paper405.jpg",G,NOT_AUGMENTED,WholeImage,2,
C2F075C7-3A40-11EA-8FA0-7845C4C5C539,"C:\Hackatown2020\recyclable\paper\Catalogue, brochure, pamphlet, etc\paper408.jpg",G,NOT_AUGMENTED,WholeImage,2,
C2F075C8-3A40-11EA-8FA0-7845C4C5C539,"C:\Hackatown2020\recyclable\paper\Catalogue, brochure, pamphlet, etc\paper410.jpg",G,NOT_AUGMENTED,WholeImage,2,
C2F075C9-3A40-11EA-8FA0-7845C4C5C539,"C:\Hackatown2020\recyclable\paper\Catalogue, brochure, pamphlet, etc\paper411.jpg",G,NOT_AUGMENTED,WholeImage,2,
C2F075CA-3A40-11EA-8FA0-7845C4C5C539,"C:\Hackatown2020\recyclable\paper\Catalogue, brochure, pamphlet, etc\paper413.jpg",G,NOT_AUGMENTED,WholeImage,2,
C2F075CB-3A40-11EA-8FA0-7845C4C5C539,"C:\Hackatown2020\recyclable\paper\Catalogue, brochure, pamphlet, etc\paper415.jpg",G,NOT_AUGMENTED,WholeImage,2,
C2F075CC-3A40-11EA-8FA0-7845C4C5C539,"C:\Hackatown2020\recyclable\paper\Catalogue, brochure, pamphlet, etc\paper418.jpg",G,NOT_AUGMENTED,WholeImage,2,
C2F075CD-3A40-11EA-8FA0-7845C4C5C539,"C:\Hackatown2020\recyclable\paper\Catalogue, brochure, pamphlet, etc\paper420.jpg",G,NOT_AUGMENTED,WholeImage,2,
C2F075CE-3A40-11EA-8FA0-7845C4C5C539,"C:\Hackatown2020\recyclable\paper\Catalogue, brochure, pamphlet, etc\paper421.jpg",G,NOT_AUGMENTED,WholeImage,2,
C2F075CF-3A40-11EA-8FA0-7845C4C5C539,"C:\Hackatown2020\recyclable\paper\Catalogue, brochure, pamphlet, etc\paper422.jpg",G,NOT_AUGMENTED,WholeImage,2,
C2F075D0-3A40-11EA-8FA0-7845C4C5C539,"C:\Hackatown2020\recyclable\paper\Catalogue, brochure, pamphlet, etc\paper423.jpg",G,NOT_AUGMENTED,WholeImage,2,
C2F075D1-3A40-11EA-8FA0-7845C4C5C539,"C:\Hackatown2020\recyclable\paper\Catalogue, brochure, pamphlet, etc\paper424.jpg",G,NOT_AUGMENTED,WholeImage,2,
C2F075D2-3A40-11EA-8FA0-7845C4C5C539,"C:\Hackatown2020\recyclable\paper\Catalogue, brochure, pamphlet, etc\paper425.jpg",G,NOT_AUGMENTED,WholeImage,2,
C2F075D3-3A40-11EA-8FA0-7845C4C5C539,"C:\Hackatown2020\recyclable\paper\Catalogue, brochure, pamphlet, etc\paper426.jpg",G,NOT_AUGMENTED,WholeImage,2,
C2F075D4-3A40-11EA-8FA0-7845C4C5C539,"C:\Hackatown2020\recyclable\paper\Catalogue, brochure, pamphlet, etc\paper429.jpg",G,NOT_AUGMENTED,WholeImage,2,
C2F075D5-3A40-11EA-8FA0-7845C4C5C539,"C:\Hackatown2020\recyclable\paper\Catalogue, brochure, pamphlet, etc\paper430.jpg",G,NOT_AUGMENTED,WholeImage,2,
C2F075D6-3A40-11EA-8FA0-7845C4C5C539,"C:\Hackatown2020\recyclable\paper\Catalogue, brochure, pamphlet, etc\paper432.jpg",G,NOT_AUGMENTED,WholeImage,2,
C2F075D7-3A40-11EA-8FA0-7845C4C5C539,"C:\Hackatown2020\recyclable\paper\Catalogue, brochure, pamphlet, etc\paper435.jpg",G,NOT_AUGMENTED,WholeImage,2,
C2F075D8-3A40-11EA-8FA0-7845C4C5C539,"C:\Hackatown2020\recyclable\paper\Catalogue, brochure, pamphlet, etc\paper436.jpg",G,NOT_AUGMENTED,WholeImage,2,
C2F075D9-3A40-11EA-8FA0-7845C4C5C539,"C:\Hackatown2020\recyclable\paper\Catalogue, brochure, pamphlet, etc\paper439.jpg",G,NOT_AUGMENTED,WholeImage,2,
C2F075DA-3A40-11EA-8FA0-7845C4C5C539,"C:\Hackatown2020\recyclable\paper\Catalogue, brochure, pamphlet, etc\paper440.jpg",G,NOT_AUGMENTED,WholeImage,2,
C2F075DB-3A40-11EA-8FA0-7845C4C5C539,"C:\Hackatown2020\recyclable\paper\Catalogue, brochure, pamphlet, etc\paper441.jpg",G,NOT_AUGMENTED,WholeImage,2,
C2F075DC-3A40-11EA-8FA0-7845C4C5C539,"C:\Hackatown2020\recyclable\paper\Catalogue, brochure, pamphlet, etc\paper443.jpg",G,NOT_AUGMENTED,WholeImage,2,
C2F075DD-3A40-11EA-8FA0-7845C4C5C539,"C:\Hackatown2020\recyclable\paper\Catalogue, brochure, pamphlet, etc\paper445.jpg",G,NOT_AUGMENTED,WholeImage,2,
C2F075DE-3A40-11EA-8FA0-7845C4C5C539,"C:\Hackatown2020\recyclable\paper\Catalogue, brochure, pamphlet, etc\paper446.jpg",G,NOT_AUGMENTED,WholeImage,2,
C2F075DF-3A40-11EA-8FA0-7845C4C5C539,"C:\Hackatown2020\recyclable\paper\Catalogue, brochure, pamphlet, etc\paper447.jpg",G,NOT_AUGMENTED,WholeImage,2,
C2F075E0-3A40-11EA-8FA0-7845C4C5C539,"C:\Hackatown2020\recyclable\paper\Catalogue, brochure, pamphlet, etc\paper448.jpg",G,NOT_AUGMENTED,WholeImage,2,
C2F075E1-3A40-11EA-8FA0-7845C4C5C539,"C:\Hackatown2020\recyclable\paper\Catalogue, brochure, pamphlet, etc\paper450.jpg",G,NOT_AUGMENTED,WholeImage,2,
C2F075E2-3A40-11EA-8FA0-7845C4C5C539,"C:\Hackatown2020\recyclable\paper\Catalogue, brochure, pamphlet, etc\paper451.jpg",G,NOT_AUGMENTED,WholeImage,2,
C2F075E3-3A40-11EA-8FA0-7845C4C5C539,"C:\Hackatown2020\recyclable\paper\Catalogue, brochure, pamphlet, etc\paper452.jpg",G,NOT_AUGMENTED,WholeImage,2,
C2F075E4-3A40-11EA-8FA0-7845C4C5C539,"C:\Hackatown2020\recyclable\paper\Catalogue, brochure, pamphlet, etc\paper454.jpg",G,NOT_AUGMENTED,WholeImage,2,
C2F075E5-3A40-11EA-8FA0-7845C4C5C539,"C:\Hackatown2020\recyclable\paper\Catalogue, brochure, pamphlet, etc\paper455.jpg",G,NOT_AUGMENTED,WholeImage,2,
C2F075E6-3A40-11EA-8FA0-7845C4C5C539,"C:\Hackatown2020\recyclable\paper\Catalogue, brochure, pamphlet, etc\paper457.jpg",G,NOT_AUGMENTED,WholeImage,2,
C2F075E7-3A40-11EA-8FA0-7845C4C5C539,"C:\Hackatown2020\recyclable\paper\Catalogue, brochure, pamphlet, etc\paper458.jpg",G,NOT_AUGMENTED,WholeImage,2,
C2F075E8-3A40-11EA-8FA0-7845C4C5C539,"C:\Hackatown2020\recyclable\paper\Catalogue, brochure, pamphlet, etc\paper459.jpg",G,NOT_AUGMENTED,WholeImage,2,
C2F075E9-3A40-11EA-8FA0-7845C4C5C539,"C:\Hackatown2020\recyclable\paper\Catalogue, brochure, pamphlet, etc\paper460.jpg",G,NOT_AUGMENTED,WholeImage,2,
C2F075EA-3A40-11EA-8FA0-7845C4C5C539,"C:\Hackatown2020\recyclable\paper\Catalogue, brochure, pamphlet, etc\paper462.jpg",G,NOT_AUGMENTED,WholeImage,2,
C2F075EB-3A40-11EA-8FA0-7845C4C5C539,"C:\Hackatown2020\recyclable\paper\Catalogue, brochure, pamphlet, etc\paper464.jpg",G,NOT_AUGMENTED,WholeImage,2,
C2F075EC-3A40-11EA-8FA0-7845C4C5C539,"C:\Hackatown2020\recyclable\paper\Catalogue, brochure, pamphlet, etc\paper465.jpg",G,NOT_AUGMENTED,WholeImage,2,
C2F075ED-3A40-11EA-8FA0-7845C4C5C539,"C:\Hackatown2020\recyclable\paper\Catalogue, brochure, pamphlet, etc\paper470.jpg",G,NOT_AUGMENTED,WholeImage,2,
C2F075EE-3A40-11EA-8FA0-7845C4C5C539,"C:\Hackatown2020\recyclable\paper\Catalogue, brochure, pamphlet, etc\paper472.jpg",G,NOT_AUGMENTED,WholeImage,2,
C2F075EF-3A40-11EA-8FA0-7845C4C5C539,"C:\Hackatown2020\recyclable\paper\Catalogue, brochure, pamphlet, etc\paper473.jpg",G,NOT_AUGMENTED,WholeImage,2,
C2F075F0-3A40-11EA-8FA0-7845C4C5C539,"C:\Hackatown2020\recyclable\paper\Catalogue, brochure, pamphlet, etc\paper474.jpg",G,NOT_AUGMENTED,WholeImage,2,
C2F075F1-3A40-11EA-8FA0-7845C4C5C539,"C:\Hackatown2020\recyclable\paper\Catalogue, brochure, pamphlet, etc\paper476.jpg",G,NOT_AUGMENTED,WholeImage,2,
C2F075F2-3A40-11EA-8FA0-7845C4C5C539,"C:\Hackatown2020\recyclable\paper\Catalogue, brochure, pamphlet, etc\paper478.jpg",G,NOT_AUGMENTED,WholeImage,2,
C2F075F3-3A40-11EA-8FA0-7845C4C5C539,"C:\Hackatown2020\recyclable\paper\Catalogue, brochure, pamphlet, etc\paper480.jpg",G,NOT_AUGMENTED,WholeImage,2,
C2F075F4-3A40-11EA-8FA0-7845C4C5C539,"C:\Hackatown2020\recyclable\paper\Catalogue, brochure, pamphlet, etc\paper481.jpg",G,NOT_AUGMENTED,WholeImage,2,
C2F075F5-3A40-11EA-8FA0-7845C4C5C539,"C:\Hackatown2020\recyclable\paper\Catalogue, brochure, pamphlet, etc\paper484.jpg",G,NOT_AUGMENTED,WholeImage,2,
C2F075F6-3A40-11EA-8FA0-7845C4C5C539,"C:\Hackatown2020\recyclable\paper\Catalogue, brochure, pamphlet, etc\paper487.jpg",G,NOT_AUGMENTED,WholeImage,2,
C2F075F7-3A40-11EA-8FA0-7845C4C5C539,"C:\Hackatown2020\recyclable\paper\Catalogue, brochure, pamphlet, etc\paper488.jpg",G,NOT_AUGMENTED,WholeImage,2,
C2F075F8-3A40-11EA-8FA0-7845C4C5C539,"C:\Hackatown2020\recyclable\paper\Catalogue, brochure, pamphlet, etc\paper490.jpg",G,NOT_AUGMENTED,WholeImage,2,
C2F075F9-3A40-11EA-8FA0-7845C4C5C539,"C:\Hackatown2020\recyclable\paper\Catalogue, brochure, pamphlet, etc\paper492.jpg",G,NOT_AUGMENTED,WholeImage,2,
C2F075FA-3A40-11EA-8FA0-7845C4C5C539,"C:\Hackatown2020\recyclable\paper\Catalogue, brochure, pamphlet, etc\paper494.jpg",G,NOT_AUGMENTED,WholeImage,2,
C2F075FB-3A40-11EA-8FA0-7845C4C5C539,"C:\Hackatown2020\recyclable\paper\Catalogue, brochure, pamphlet, etc\paper496.jpg",G,NOT_AUGMENTED,WholeImage,2,
C2F075FC-3A40-11EA-8FA0-7845C4C5C539,"C:\Hackatown2020\recyclable\paper\Catalogue, brochure, pamphlet, etc\paper501.jpg",G,NOT_AUGMENTED,WholeImage,2,
C2F075FD-3A40-11EA-8FA0-7845C4C5C539,"C:\Hackatown2020\recyclable\paper\Catalogue, brochure, pamphlet, etc\paper502.jpg",G,NOT_AUGMENTED,WholeImage,2,
C2F075FE-3A40-11EA-8FA0-7845C4C5C539,"C:\Hackatown2020\recyclable\paper\Catalogue, brochure, pamphlet, etc\paper504.jpg",G,NOT_AUGMENTED,WholeImage,2,
C2F075FF-3A40-11EA-8FA0-7845C4C5C539,"C:\Hackatown2020\recyclable\paper\Catalogue, brochure, pamphlet, etc\paper506.jpg",G,NOT_AUGMENTED,WholeImage,2,
C2F07600-3A40-11EA-8FA0-7845C4C5C539,"C:\Hackatown2020\recyclable\paper\Catalogue, brochure, pamphlet, etc\paper509.jpg",G,NOT_AUGMENTED,WholeImage,2,
C2F07601-3A40-11EA-8FA0-7845C4C5C539,"C:\Hackatown2020\recyclable\paper\Catalogue, brochure, pamphlet, etc\paper510.jpg",G,NOT_AUGMENTED,WholeImage,2,
C2F07602-3A40-11EA-8FA0-7845C4C5C539,"C:\Hackatown2020\recyclable\paper\Catalogue, brochure, pamphlet, etc\paper512.jpg",G,NOT_AUGMENTED,WholeImage,2,
C2F07603-3A40-11EA-8FA0-7845C4C5C539,"C:\Hackatown2020\recyclable\paper\Catalogue, brochure, pamphlet, etc\paper513.jpg",G,NOT_AUGMENTED,WholeImage,2,
C2F07604-3A40-11EA-8FA0-7845C4C5C539,"C:\Hackatown2020\recyclable\paper\Catalogue, brochure, pamphlet, etc\paper514.jpg",G,NOT_AUGMENTED,WholeImage,2,
C2F07605-3A40-11EA-8FA0-7845C4C5C539,"C:\Hackatown2020\recyclable\paper\Catalogue, brochure, pamphlet, etc\paper518.jpg",G,NOT_AUGMENTED,WholeImage,2,
C2F07606-3A40-11EA-8FA0-7845C4C5C539,"C:\Hackatown2020\recyclable\paper\Catalogue, brochure, pamphlet, etc\paper522.jpg",G,NOT_AUGMENTED,WholeImage,2,
C2F07607-3A40-11EA-8FA0-7845C4C5C539,"C:\Hackatown2020\recyclable\paper\Catalogue, brochure, pamphlet, etc\paper526.jpg",G,NOT_AUGMENTED,WholeImage,2,
C2F07608-3A40-11EA-8FA0-7845C4C5C539,"C:\Hackatown2020\recyclable\paper\Catalogue, brochure, pamphlet, etc\paper527.jpg",G,NOT_AUGMENTED,WholeImage,2,
C2F07609-3A40-11EA-8FA0-7845C4C5C539,"C:\Hackatown2020\recyclable\paper\Catalogue, brochure, pamphlet, etc\paper529.jpg",G,NOT_AUGMENTED,WholeImage,2,
C2F0760A-3A40-11EA-8FA0-7845C4C5C539,"C:\Hackatown2020\recyclable\paper\Catalogue, brochure, pamphlet, etc\paper530.jpg",G,NOT_AUGMENTED,WholeImage,2,
C2F0760B-3A40-11EA-8FA0-7845C4C5C539,"C:\Hackatown2020\recyclable\paper\Catalogue, brochure, pamphlet, etc\paper531.jpg",G,NOT_AUGMENTED,WholeImage,2,
C2F0760C-3A40-11EA-8FA0-7845C4C5C539,"C:\Hackatown2020\recyclable\paper\Catalogue, brochure, pamphlet, etc\paper532.jpg",G,NOT_AUGMENTED,WholeImage,2,
C2F0760D-3A40-11EA-8FA0-7845C4C5C539,"C:\Hackatown2020\recyclable\paper\Catalogue, brochure, pamphlet, etc\paper533.jpg",G,NOT_AUGMENTED,WholeImage,2,
C2F0760E-3A40-11EA-8FA0-7845C4C5C539,"C:\Hackatown2020\recyclable\paper\Catalogue, brochure, pamphlet, etc\paper534.jpg",G,NOT_AUGMENTED,WholeImage,2,
C2F0760F-3A40-11EA-8FA0-7845C4C5C539,"C:\Hackatown2020\recyclable\paper\Catalogue, brochure, pamphlet, etc\paper536.jpg",G,NOT_AUGMENTED,WholeImage,2,
C2F07610-3A40-11EA-8FA0-7845C4C5C539,"C:\Hackatown2020\recyclable\paper\Catalogue, brochure, pamphlet, etc\paper537.jpg",G,NOT_AUGMENTED,WholeImage,2,
C2F07611-3A40-11EA-8FA0-7845C4C5C539,"C:\Hackatown2020\recyclable\paper\Catalogue, brochure, pamphlet, etc\paper540.jpg",G,NOT_AUGMENTED,WholeImage,2,
C2F07612-3A40-11EA-8FA0-7845C4C5C539,"C:\Hackatown2020\recyclable\paper\Catalogue, brochure, pamphlet, etc\paper541.jpg",G,NOT_AUGMENTED,WholeImage,2,
C2F07613-3A40-11EA-8FA0-7845C4C5C539,"C:\Hackatown2020\recyclable\paper\Catalogue, brochure, pamphlet, etc\paper542.jpg",G,NOT_AUGMENTED,WholeImage,2,
C2F07614-3A40-11EA-8FA0-7845C4C5C539,"C:\Hackatown2020\recyclable\paper\Catalogue, brochure, pamphlet, etc\paper543.jpg",G,NOT_AUGMENTED,WholeImage,2,
C2F07615-3A40-11EA-8FA0-7845C4C5C539,"C:\Hackatown2020\recyclable\paper\Catalogue, brochure, pamphlet, etc\paper544.jpg",G,NOT_AUGMENTED,WholeImage,2,
C2F07616-3A40-11EA-8FA0-7845C4C5C539,"C:\Hackatown2020\recyclable\paper\Catalogue, brochure, pamphlet, etc\paper545.jpg",G,NOT_AUGMENTED,WholeImage,2,
C2F07617-3A40-11EA-8FA0-7845C4C5C539,"C:\Hackatown2020\recyclable\paper\Catalogue, brochure, pamphlet, etc\paper546.jpg",G,NOT_AUGMENTED,WholeImage,2,
C2F07618-3A40-11EA-8FA0-7845C4C5C539,"C:\Hackatown2020\recyclable\paper\Catalogue, brochure, pamphlet, etc\paper547.jpg",G,NOT_AUGMENTED,WholeImage,2,
C2F07619-3A40-11EA-8FA0-7845C4C5C539,"C:\Hackatown2020\recyclable\paper\Catalogue, brochure, pamphlet, etc\paper548.jpg",G,NOT_AUGMENTED,WholeImage,2,
C2F0761A-3A40-11EA-8FA0-7845C4C5C539,"C:\Hackatown2020\recyclable\paper\Catalogue, brochure, pamphlet, etc\paper549.jpg",G,NOT_AUGMENTED,WholeImage,2,
C2F0761B-3A40-11EA-8FA0-7845C4C5C539,"C:\Hackatown2020\recyclable\paper\Catalogue, brochure, pamphlet, etc\paper550.jpg",G,NOT_AUGMENTED,WholeImage,2,
C2F0761C-3A40-11EA-8FA0-7845C4C5C539,"C:\Hackatown2020\recyclable\paper\Catalogue, brochure, pamphlet, etc\paper553.jpg",G,NOT_AUGMENTED,WholeImage,2,
C2F0761D-3A40-11EA-8FA0-7845C4C5C539,"C:\Hackatown2020\recyclable\paper\Catalogue, brochure, pamphlet, etc\paper556.jpg",G,NOT_AUGMENTED,WholeImage,2,
C2F0761E-3A40-11EA-8FA0-7845C4C5C539,"C:\Hackatown2020\recyclable\paper\Catalogue, brochure, pamphlet, etc\paper558.jpg",G,NOT_AUGMENTED,WholeImage,2,
C2F0761F-3A40-11EA-8FA0-7845C4C5C539,"C:\Hackatown2020\recyclable\paper\Catalogue, brochure, pamphlet, etc\paper561.jpg",G,NOT_AUGMENTED,WholeImage,2,
C2F07620-3A40-11EA-8FA0-7845C4C5C539,"C:\Hackatown2020\recyclable\paper\Catalogue, brochure, pamphlet, etc\paper562.jpg",G,NOT_AUGMENTED,WholeImage,2,
C2F07621-3A40-11EA-8FA0-7845C4C5C539,"C:\Hackatown2020\recyclable\paper\Catalogue, brochure, pamphlet, etc\paper563.jpg",G,NOT_AUGMENTED,WholeImage,2,
C2F07622-3A40-11EA-8FA0-7845C4C5C539,"C:\Hackatown2020\recyclable\paper\Catalogue, brochure, pamphlet, etc\paper565.jpg",G,NOT_AUGMENTED,WholeImage,2,
C2F07623-3A40-11EA-8FA0-7845C4C5C539,"C:\Hackatown2020\recyclable\paper\Catalogue, brochure, pamphlet, etc\paper566.jpg",G,NOT_AUGMENTED,WholeImage,2,
C2F07624-3A40-11EA-8FA0-7845C4C5C539,"C:\Hackatown2020\recyclable\paper\Catalogue, brochure, pamphlet, etc\paper569.jpg",G,NOT_AUGMENTED,WholeImage,2,
C2F07625-3A40-11EA-8FA0-7845C4C5C539,"C:\Hackatown2020\recyclable\paper\Catalogue, brochure, pamphlet, etc\paper570.jpg",G,NOT_AUGMENTED,WholeImage,2,
C2F07626-3A40-11EA-8FA0-7845C4C5C539,"C:\Hackatown2020\recyclable\paper\Catalogue, brochure, pamphlet, etc\paper572.jpg",G,NOT_AUGMENTED,WholeImage,2,
C2F07627-3A40-11EA-8FA0-7845C4C5C539,"C:\Hackatown2020\recyclable\paper\Catalogue, brochure, pamphlet, etc\paper575.jpg",G,NOT_AUGMENTED,WholeImage,2,
C2F07628-3A40-11EA-8FA0-7845C4C5C539,"C:\Hackatown2020\recyclable\paper\Catalogue, brochure, pamphlet, etc\paper578.jpg",G,NOT_AUGMENTED,WholeImage,2,
C2F07629-3A40-11EA-8FA0-7845C4C5C539,"C:\Hackatown2020\recyclable\paper\Catalogue, brochure, pamphlet, etc\paper579.jpg",G,NOT_AUGMENTED,WholeImage,2,
C2F0762A-3A40-11EA-8FA0-7845C4C5C539,"C:\Hackatown2020\recyclable\paper\Catalogue, brochure, pamphlet, etc\paper581.jpg",G,NOT_AUGMENTED,WholeImage,2,
C2F0762B-3A40-11EA-8FA0-7845C4C5C539,"C:\Hackatown2020\recyclable\paper\Catalogue, brochure, pamphlet, etc\paper584.jpg",G,NOT_AUGMENTED,WholeImage,2,
C2F0762C-3A40-11EA-8FA0-7845C4C5C539,"C:\Hackatown2020\recyclable\paper\Catalogue, brochure, pamphlet, etc\paper585.jpg",G,NOT_AUGMENTED,WholeImage,2,
C2F0762D-3A40-11EA-8FA0-7845C4C5C539,"C:\Hackatown2020\recyclable\paper\Catalogue, brochure, pamphlet, etc\paper586.jpg",G,NOT_AUGMENTED,WholeImage,2,
DE13920B-3A40-11EA-8FA0-7845C4C5C539,C:\Hackatown2020\recyclable\paper\Enveloppe\paper7.jpg,G,NOT_AUGMENTED,WholeImage,3,
DE13920C-3A40-11EA-8FA0-7845C4C5C539,C:\Hackatown2020\recyclable\paper\Enveloppe\paper11.jpg,G,NOT_AUGMENTED,WholeImage,3,
DE13920D-3A40-11EA-8FA0-7845C4C5C539,C:\Hackatown2020\recyclable\paper\Enveloppe\paper13.jpg,G,NOT_AUGMENTED,WholeImage,3,
DE13920E-3A40-11EA-8FA0-7845C4C5C539,C:\Hackatown2020\recyclable\paper\Enveloppe\paper21.jpg,G,NOT_AUGMENTED,WholeImage,3,
DE13920F-3A40-11EA-8FA0-7845C4C5C539,C:\Hackatown2020\recyclable\paper\Enveloppe\paper30.jpg,G,NOT_AUGMENTED,WholeImage,3,
DE139210-3A40-11EA-8FA0-7845C4C5C539,C:\Hackatown2020\recyclable\paper\Enveloppe\paper36.jpg,G,NOT_AUGMENTED,WholeImage,3,
DE139211-3A40-11EA-8FA0-7845C4C5C539,C:\Hackatown2020\recyclable\paper\Enveloppe\paper38.jpg,G,NOT_AUGMENTED,WholeImage,3,
DE139212-3A40-11EA-8FA0-7845C4C5C539,C:\Hackatown2020\recyclable\paper\Enveloppe\paper39.jpg,G,NOT_AUGMENTED,WholeImage,3,
DE139213-3A40-11EA-8FA0-7845C4C5C539,C:\Hackatown2020\recyclable\paper\Enveloppe\paper54.jpg,G,NOT_AUGMENTED,WholeImage,3,
DE139214-3A40-11EA-8FA0-7845C4C5C539,C:\Hackatown2020\recyclable\paper\Enveloppe\paper57.jpg,G,NOT_AUGMENTED,WholeImage,3,
DE139215-3A40-11EA-8FA0-7845C4C5C539,C:\Hackatown2020\recyclable\paper\Enveloppe\paper60.jpg,G,NOT_AUGMENTED,WholeImage,3,
DE139216-3A40-11EA-8FA0-7845C4C5C539,C:\Hackatown2020\recyclable\paper\Enveloppe\paper63.jpg,G,NOT_AUGMENTED,WholeImage,3,
DE139217-3A40-11EA-8FA0-7845C4C5C539,C:\Hackatown2020\recyclable\paper\Enveloppe\paper66.jpg,G,NOT_AUGMENTED,WholeImage,3,
DE139218-3A40-11EA-8FA0-7845C4C5C539,C:\Hackatown2020\recyclable\paper\Enveloppe\paper87.jpg,G,NOT_AUGMENTED,WholeImage,3,
DE139219-3A40-11EA-8FA0-7845C4C5C539,C:\Hackatown2020\recyclable\paper\Enveloppe\paper91.jpg,G,NOT_AUGMENTED,WholeImage,3,
DE13921A-3A40-11EA-8FA0-7845C4C5C539,C:\Hackatown2020\recyclable\paper\Enveloppe\paper95.jpg,G,NOT_AUGMENTED,WholeImage,3,
DE13921B-3A40-11EA-8FA0-7845C4C5C539,C:\Hackatown2020\recyclable\paper\Enveloppe\paper96.jpg,G,NOT_AUGMENTED,WholeImage,3,
DE13921C-3A40-11EA-8FA0-7845C4C5C539,C:\Hackatown2020\recyclable\paper\Enveloppe\paper115.jpg,G,NOT_AUGMENTED,WholeImage,3,
DE13921D-3A40-11EA-8FA0-7845C4C5C539,C:\Hackatown2020\recyclable\paper\Enveloppe\paper119.jpg,G,NOT_AUGMENTED,WholeImage,3,
DE13921E-3A40-11EA-8FA0-7845C4C5C539,C:\Hackatown2020\recyclable\paper\Enveloppe\paper124.jpg,G,NOT_AUGMENTED,WholeImage,3,
DE13921F-3A40-11EA-8FA0-7845C4C5C539,C:\Hackatown2020\recyclable\paper\Enveloppe\paper127.jpg,G,NOT_AUGMENTED,WholeImage,3,
DE139220-3A40-11EA-8FA0-7845C4C5C539,C:\Hackatown2020\recyclable\paper\Enveloppe\paper131.jpg,G,NOT_AUGMENTED,WholeImage,3,
DE139221-3A40-11EA-8FA0-7845C4C5C539,C:\Hackatown2020\recyclable\paper\Enveloppe\paper132.jpg,G,NOT_AUGMENTED,WholeImage,3,
DE139222-3A40-11EA-8FA0-7845C4C5C539,C:\Hackatown2020\recyclable\paper\Enveloppe\paper134.jpg,G,NOT_AUGMENTED,WholeImage,3,
DE139223-3A40-11EA-8FA0-7845C4C5C539,C:\Hackatown2020\recyclable\paper\Enveloppe\paper137.jpg,G,NOT_AUGMENTED,WholeImage,3,
DE139224-3A40-11EA-8FA0-7845C4C5C539,C:\Hackatown2020\recyclable\paper\Enveloppe\paper138.jpg,G,NOT_AUGMENTED,WholeImage,3,
DE139225-3A40-11EA-8FA0-7845C4C5C539,C:\Hackatown2020\recyclable\paper\Enveloppe\paper142.jpg,G,NOT_AUGMENTED,WholeImage,3,
DE139226-3A40-11EA-8FA0-7845C4C5C539,C:\Hackatown2020\recyclable\paper\Enveloppe\paper143.jpg,G,NOT_AUGMENTED,WholeImage,3,
DE139227-3A40-11EA-8FA0-7845C4C5C539,C:\Hackatown2020\recyclable\paper\Enveloppe\paper149.jpg,G,NOT_AUGMENTED,WholeImage,3,
DE139228-3A40-11EA-8FA0-7845C4C5C539,C:\Hackatown2020\recyclable\paper\Enveloppe\paper156.jpg,G,NOT_AUGMENTED,WholeImage,3,
DE139229-3A40-11EA-8FA0-7845C4C5C539,C:\Hackatown2020\recyclable\paper\Enveloppe\paper158.jpg,G,NOT_AUGMENTED,WholeImage,3,
DE13922A-3A40-11EA-8FA0-7845C4C5C539,C:\Hackatown2020\recyclable\paper\Enveloppe\paper160.jpg,G,NOT_AUGMENTED,WholeImage,3,
DE13922B-3A40-11EA-8FA0-7845C4C5C539,C:\Hackatown2020\recyclable\paper\Enveloppe\paper162.jpg,G,NOT_AUGMENTED,WholeImage,3,
DE13922C-3A40-11EA-8FA0-7845C4C5C539,C:\Hackatown2020\recyclable\paper\Enveloppe\paper175.jpg,G,NOT_AUGMENTED,WholeImage,3,
DE13922D-3A40-11EA-8FA0-7845C4C5C539,C:\Hackatown2020\recyclable\paper\Enveloppe\paper177.jpg,G,NOT_AUGMENTED,WholeImage,3,
DE13922E-3A40-11EA-8FA0-7845C4C5C539,C:\Hackatown2020\recyclable\paper\Enveloppe\paper181.jpg,G,NOT_AUGMENTED,WholeImage,3,
DE13922F-3A40-11EA-8FA0-7845C4C5C539,C:\Hackatown2020\recyclable\paper\Enveloppe\paper191.jpg,G,NOT_AUGMENTED,WholeImage,3,
DE139230-3A40-11EA-8FA0-7845C4C5C539,C:\Hackatown2020\recyclable\paper\Enveloppe\paper219.jpg,G,NOT_AUGMENTED,WholeImage,3,
DE139231-3A40-11EA-8FA0-7845C4C5C539,C:\Hackatown2020\recyclable\paper\Enveloppe\paper222.jpg,G,NOT_AUGMENTED,WholeImage,3,
DE139232-3A40-11EA-8FA0-7845C4C5C539,C:\Hackatown2020\recyclable\paper\Enveloppe\paper229.jpg,G,NOT_AUGMENTED,WholeImage,3,
DE139233-3A40-11EA-8FA0-7845C4C5C539,C:\Hackatown2020\recyclable\paper\Enveloppe\paper232.jpg,G,NOT_AUGMENTED,WholeImage,3,
DE139234-3A40-11EA-8FA0-7845C4C5C539,C:\Hackatown2020\recyclable\paper\Enveloppe\paper240.jpg,G,NOT_AUGMENTED,WholeImage,3,
DE139235-3A40-11EA-8FA0-7845C4C5C539,C:\Hackatown2020\recyclable\paper\Enveloppe\paper241.jpg,G,NOT_AUGMENTED,WholeImage,3,
DE139236-3A40-11EA-8FA0-7845C4C5C539,C:\Hackatown2020\recyclable\paper\Enveloppe\paper270.jpg,G,NOT_AUGMENTED,WholeImage,3,
DE139237-3A40-11EA-8FA0-7845C4C5C539,C:\Hackatown2020\recyclable\paper\Enveloppe\paper279.jpg,G,NOT_AUGMENTED,WholeImage,3,
DE139238-3A40-11EA-8FA0-7845C4C5C539,C:\Hackatown2020\recyclable\paper\Enveloppe\paper280.jpg,G,NOT_AUGMENTED,WholeImage,3,
DE139239-3A40-11EA-8FA0-7845C4C5C539,C:\Hackatown2020\recyclable\paper\Enveloppe\paper281.jpg,G,NOT_AUGMENTED,WholeImage,3,
DE13923A-3A40-11EA-8FA0-7845C4C5C539,C:\Hackatown2020\recyclable\paper\Enveloppe\paper292.jpg,G,NOT_AUGMENTED,WholeImage,3,
DE13923B-3A40-11EA-8FA0-7845C4C5C539,C:\Hackatown2020\recyclable\paper\Enveloppe\paper293.jpg,G,NOT_AUGMENTED,WholeImage,3,
DE13923C-3A40-11EA-8FA0-7845C4C5C539,C:\Hackatown2020\recyclable\paper\Enveloppe\paper295.jpg,G,NOT_AUGMENTED,WholeImage,3,
DE13923D-3A40-11EA-8FA0-7845C4C5C539,C:\Hackatown2020\recyclable\paper\Enveloppe\paper299.jpg,G,NOT_AUGMENTED,WholeImage,3,
DE13923E-3A40-11EA-8FA0-7845C4C5C539,C:\Hackatown2020\recyclable\paper\Enveloppe\paper303.jpg,G,NOT_AUGMENTED,WholeImage,3,
DE13923F-3A40-11EA-8FA0-7845C4C5C539,C:\Hackatown2020\recyclable\paper\Enveloppe\paper306.jpg,G,NOT_AUGMENTED,WholeImage,3,
DE139240-3A40-11EA-8FA0-7845C4C5C539,C:\Hackatown2020\recyclable\paper\Enveloppe\paper315.jpg,G,NOT_AUGMENTED,WholeImage,3,
DE139241-3A40-11EA-8FA0-7845C4C5C539,C:\Hackatown2020\recyclable\paper\Enveloppe\paper321.jpg,G,NOT_AUGMENTED,WholeImage,3,
DE139242-3A40-11EA-8FA0-7845C4C5C539,C:\Hackatown2020\recyclable\paper\Enveloppe\paper322.jpg,G,NOT_AUGMENTED,WholeImage,3,
DE139243-3A40-11EA-8FA0-7845C4C5C539,C:\Hackatown2020\recyclable\paper\Enveloppe\paper329.jpg,G,NOT_AUGMENTED,WholeImage,3,
DE139244-3A40-11EA-8FA0-7845C4C5C539,C:\Hackatown2020\recyclable\paper\Enveloppe\paper333.jpg,G,NOT_AUGMENTED,WholeImage,3,
DE139245-3A40-11EA-8FA0-7845C4C5C539,C:\Hackatown2020\recyclable\paper\Enveloppe\paper337.jpg,G,NOT_AUGMENTED,WholeImage,3,
DE139246-3A40-11EA-8FA0-7845C4C5C539,C:\Hackatown2020\recyclable\paper\Enveloppe\paper339.jpg,G,NOT_AUGMENTED,WholeImage,3,
DE139247-3A40-11EA-8FA0-7845C4C5C539,C:\Hackatown2020\recyclable\paper\Enveloppe\paper340.jpg,G,NOT_AUGMENTED,WholeImage,3,
DE139248-3A40-11EA-8FA0-7845C4C5C539,C:\Hackatown2020\recyclable\paper\Enveloppe\paper344.jpg,G,NOT_AUGMENTED,WholeImage,3,
DE139249-3A40-11EA-8FA0-7845C4C5C539,C:\Hackatown2020\recyclable\paper\Enveloppe\paper347.jpg,G,NOT_AUGMENTED,WholeImage,3,
DE13924A-3A40-11EA-8FA0-7845C4C5C539,C:\Hackatown2020\recyclable\paper\Enveloppe\paper355.jpg,G,NOT_AUGMENTED,WholeImage,3,
DE13924B-3A40-11EA-8FA0-7845C4C5C539,C:\Hackatown2020\recyclable\paper\Enveloppe\paper357.jpg,G,NOT_AUGMENTED,WholeImage,3,
DE13924C-3A40-11EA-8FA0-7845C4C5C539,C:\Hackatown2020\recyclable\paper\Enveloppe\paper361.jpg,G,NOT_AUGMENTED,WholeImage,3,
DE13924D-3A40-11EA-8FA0-7845C4C5C539,C:\Hackatown2020\recyclable\paper\Enveloppe\paper366.jpg,G,NOT_AUGMENTED,WholeImage,3,
DE13924E-3A40-11EA-8FA0-7845C4C5C539,C:\Hackatown2020\recyclable\paper\Enveloppe\paper377.jpg,G,NOT_AUGMENTED,WholeImage,3,
DE13924F-3A40-11EA-8FA0-7845C4C5C539,C:\Hackatown2020\recyclable\paper\Enveloppe\paper378.jpg,G,NOT_AUGMENTED,WholeImage,3,
DE139250-3A40-11EA-8FA0-7845C4C5C539,C:\Hackatown2020\recyclable\paper\Enveloppe\paper383.jpg,G,NOT_AUGMENTED,WholeImage,3,
DE139251-3A40-11EA-8FA0-7845C4C5C539,C:\Hackatown2020\recyclable\paper\Enveloppe\paper384.jpg,G,NOT_AUGMENTED,WholeImage,3,
DE139252-3A40-11EA-8FA0-7845C4C5C539,C:\Hackatown2020\recyclable\paper\Enveloppe\paper386.jpg,G,NOT_AUGMENTED,WholeImage,3,
DE139253-3A40-11EA-8FA0-7845C4C5C539,C:\Hackatown2020\recyclable\paper\Enveloppe\paper389.jpg,G,NOT_AUGMENTED,WholeImage,3,
DE139254-3A40-11EA-8FA0-7845C4C5C539,C:\Hackatown2020\recyclable\paper\Enveloppe\paper395.jpg,G,NOT_AUGMENTED,WholeImage,3,
DE139255-3A40-11EA-8FA0-7845C4C5C539,C:\Hackatown2020\recyclable\paper\Enveloppe\paper396.jpg,G,NOT_AUGMENTED,WholeImage,3,
DE139256-3A40-11EA-8FA0-7845C4C5C539,C:\Hackatown2020\recyclable\paper\Enveloppe\paper400.jpg,G,NOT_AUGMENTED,WholeImage,3,
DE139257-3A40-11EA-8FA0-7845C4C5C539,C:\Hackatown2020\recyclable\paper\Enveloppe\paper404.jpg,G,NOT_AUGMENTED,WholeImage,3,
DE139258-3A40-11EA-8FA0-7845C4C5C539,C:\Hackatown2020\recyclable\paper\Enveloppe\paper406.jpg,G,NOT_AUGMENTED,WholeImage,3,
DE139259-3A40-11EA-8FA0-7845C4C5C539,C:\Hackatown2020\recyclable\paper\Enveloppe\paper407.jpg,G,NOT_AUGMENTED,WholeImage,3,
DE13925A-3A40-11EA-8FA0-7845C4C5C539,C:\Hackatown2020\recyclable\paper\Enveloppe\paper409.jpg,G,NOT_AUGMENTED,WholeImage,3,
DE13925B-3A40-11EA-8FA0-7845C4C5C539,C:\Hackatown2020\recyclable\paper\Enveloppe\paper412.jpg,G,NOT_AUGMENTED,WholeImage,3,
DE13925C-3A40-11EA-8FA0-7845C4C5C539,C:\Hackatown2020\recyclable\paper\Enveloppe\paper414.jpg,G,NOT_AUGMENTED,WholeImage,3,
DE13925D-3A40-11EA-8FA0-7845C4C5C539,C:\Hackatown2020\recyclable\paper\Enveloppe\paper416.jpg,G,NOT_AUGMENTED,WholeImage,3,
DE13925E-3A40-11EA-8FA0-7845C4C5C539,C:\Hackatown2020\recyclable\paper\Enveloppe\paper433.jpg,G,NOT_AUGMENTED,WholeImage,3,
DE13925F-3A40-11EA-8FA0-7845C4C5C539,C:\Hackatown2020\recyclable\paper\Enveloppe\paper437.jpg,G,NOT_AUGMENTED,WholeImage,3,
DE139260-3A40-11EA-8FA0-7845C4C5C539,C:\Hackatown2020\recyclable\paper\Enveloppe\paper456.jpg,G,NOT_AUGMENTED,WholeImage,3,
DE139261-3A40-11EA-8FA0-7845C4C5C539,C:\Hackatown2020\recyclable\paper\Enveloppe\paper461.jpg,G,NOT_AUGMENTED,WholeImage,3,
DE139262-3A40-11EA-8FA0-7845C4C5C539,C:\Hackatown2020\recyclable\paper\Enveloppe\paper463.jpg,G,NOT_AUGMENTED,WholeImage,3,
DE139263-3A40-11EA-8FA0-7845C4C5C539,C:\Hackatown2020\recyclable\paper\Enveloppe\paper467.jpg,G,NOT_AUGMENTED,WholeImage,3,
DE139264-3A40-11EA-8FA0-7845C4C5C539,C:\Hackatown2020\recyclable\paper\Enveloppe\paper471.jpg,G,NOT_AUGMENTED,WholeImage,3,
DE139265-3A40-11EA-8FA0-7845C4C5C539,C:\Hackatown2020\recyclable\paper\Enveloppe\paper483.jpg,G,NOT_AUGMENTED,WholeImage,3,
DE139266-3A40-11EA-8FA0-7845C4C5C539,C:\Hackatown2020\recyclable\paper\Enveloppe\paper485.jpg,G,NOT_AUGMENTED,WholeImage,3,
DE139267-3A40-11EA-8FA0-7845C4C5C539,C:\Hackatown2020\recyclable\paper\Enveloppe\paper489.jpg,G,NOT_AUGMENTED,WholeImage,3,
DE139268-3A40-11EA-8FA0-7845C4C5C539,C:\Hackatown2020\recyclable\paper\Enveloppe\paper493.jpg,G,NOT_AUGMENTED,WholeImage,3,
DE139269-3A40-11EA-8FA0-7845C4C5C539,C:\Hackatown2020\recyclable\paper\Enveloppe\paper495.jpg,G,NOT_AUGMENTED,WholeImage,3,
DE13926A-3A40-11EA-8FA0-7845C4C5C539,C:\Hackatown2020\recyclable\paper\Enveloppe\paper497.jpg,G,NOT_AUGMENTED,WholeImage,3,
DE13926B-3A40-11EA-8FA0-7845C4C5C539,C:\Hackatown2020\recyclable\paper\Enveloppe\paper507.jpg,G,NOT_AUGMENTED,WholeImage,3,
DE13926C-3A40-11EA-8FA0-7845C4C5C539,C:\Hackatown2020\recyclable\paper\Enveloppe\paper511.jpg,G,NOT_AUGMENTED,WholeImage,3,
DE13926D-3A40-11EA-8FA0-7845C4C5C539,C:\Hackatown2020\recyclable\paper\Enveloppe\paper515.jpg,G,NOT_AUGMENTED,WholeImage,3,
DE13926E-3A40-11EA-8FA0-7845C4C5C539,C:\Hackatown2020\recyclable\paper\Enveloppe\paper519.jpg,G,NOT_AUGMENTED,WholeImage,3,
DE13926F-3A40-11EA-8FA0-7845C4C5C539,C:\Hackatown2020\recyclable\paper\Enveloppe\paper525.jpg,G,NOT_AUGMENTED,WholeImage,3,
DE139270-3A40-11EA-8FA0-7845C4C5C539,C:\Hackatown2020\recyclable\paper\Enveloppe\paper551.jpg,G,NOT_AUGMENTED,WholeImage,3,
DE139271-3A40-11EA-8FA0-7845C4C5C539,C:\Hackatown2020\recyclable\paper\Enveloppe\paper557.jpg,G,NOT_AUGMENTED,WholeImage,3,
DE139272-3A40-11EA-8FA0-7845C4C5C539,C:\Hackatown2020\recyclable\paper\Enveloppe\paper559.jpg,G,NOT_AUGMENTED,WholeImage,3,
DE139273-3A40-11EA-8FA0-7845C4C5C539,C:\Hackatown2020\recyclable\paper\Enveloppe\paper560.jpg,G,NOT_AUGMENTED,WholeImage,3,
DE139274-3A40-11EA-8FA0-7845C4C5C539,C:\Hackatown2020\recyclable\paper\Enveloppe\paper580.jpg,G,NOT_AUGMENTED,WholeImage,3,
DE139275-3A40-11EA-8FA0-7845C4C5C539,C:\Hackatown2020\recyclable\paper\Enveloppe\paper582.jpg,G,NOT_AUGMENTED,WholeImage,3,
212DFB72-3A41-11EA-8FA0-7845C4C5C539,C:\Hackatown2020\recyclable\paper\Gift wrapping (non metallic)\paper568.jpg,G,NOT_AUGMENTED,WholeImage,4,
212DFB73-3A41-11EA-8FA0-7845C4C5C539,C:\Hackatown2020\recyclable\paper\Gift wrapping (non metallic)\paper573.jpg,G,NOT_AUGMENTED,WholeImage,4,
3250382D-3A41-11EA-8FA0-7845C4C5C539,C:\Hackatown2020\recyclable\paper\Juice Carton (check cardboard)\paper122.jpg,G,NOT_AUGMENTED,WholeImage,5,
3250382E-3A41-11EA-8FA0-7845C4C5C539,C:\Hackatown2020\recyclable\paper\Juice Carton (check cardboard)\paper225.jpg,G,NOT_AUGMENTED,WholeImage,5,
3250382F-3A41-11EA-8FA0-7845C4C5C539,C:\Hackatown2020\recyclable\paper\Juice Carton (check cardboard)\paper554.jpg,G,NOT_AUGMENTED,WholeImage,5,
4F364190-3A41-11EA-8FA0-7845C4C5C539,C:\Hackatown2020\recyclable\paper\Leaflet\paper133.jpg,G,NOT_AUGMENTED,WholeImage,2,
66334C1C-3A41-11EA-8FA0-7845C4C5C539,C:\Hackatown2020\recyclable\paper\Misc Paper\paper12.jpg,G,NOT_AUGMENTED,WholeImage,6,
66334C1D-3A41-11EA-8FA0-7845C4C5C539,C:\Hackatown2020\recyclable\paper\Misc Paper\paper22.jpg,G,NOT_AUGMENTED,WholeImage,6,
66334C1E-3A41-11EA-8FA0-7845C4C5C539,C:\Hackatown2020\recyclable\paper\Misc Paper\paper23.jpg,G,NOT_AUGMENTED,WholeImage,6,
66334C1F-3A41-11EA-8FA0-7845C4C5C539,C:\Hackatown2020\recyclable\paper\Misc Paper\paper27.jpg,G,NOT_AUGMENTED,WholeImage,6,
66334C20-3A41-11EA-8FA0-7845C4C5C539,C:\Hackatown2020\recyclable\paper\Misc Paper\paper32.jpg,G,NOT_AUGMENTED,WholeImage,6,
66334C21-3A41-11EA-8FA0-7845C4C5C539,C:\Hackatown2020\recyclable\paper\Misc Paper\paper33.jpg,G,NOT_AUGMENTED,WholeImage,6,
66334C22-3A41-11EA-8FA0-7845C4C5C539,C:\Hackatown2020\recyclable\paper\Misc Paper\paper43.jpg,G,NOT_AUGMENTED,WholeImage,6,
66334C23-3A41-11EA-8FA0-7845C4C5C539,C:\Hackatown2020\recyclable\paper\Misc Paper\paper45.jpg,G,NOT_AUGMENTED,WholeImage,6,
66334C24-3A41-11EA-8FA0-7845C4C5C539,C:\Hackatown2020\recyclable\paper\Misc Paper\paper50.jpg,G,NOT_AUGMENTED,WholeImage,6,
66334C25-3A41-11EA-8FA0-7845C4C5C539,C:\Hackatown2020\recyclable\paper\Misc Paper\paper51.jpg,G,NOT_AUGMENTED,WholeImage,6,
66334C26-3A41-11EA-8FA0-7845C4C5C539,C:\Hackatown2020\recyclable\paper\Misc Paper\paper52.jpg,G,NOT_AUGMENTED,WholeImage,6,
66334C27-3A41-11EA-8FA0-7845C4C5C539,C:\Hackatown2020\recyclable\paper\Misc Paper\paper53.jpg,G,NOT_AUGMENTED,WholeImage,6,
66334C28-3A41-11EA-8FA0-7845C4C5C539,C:\Hackatown2020\recyclable\paper\Misc Paper\paper58.jpg,G,NOT_AUGMENTED,WholeImage,6,
66334C29-3A41-11EA-8FA0-7845C4C5C539,C:\Hackatown2020\recyclable\paper\Misc Paper\paper59.jpg,G,NOT_AUGMENTED,WholeImage,6,
66334C2A-3A41-11EA-8FA0-7845C4C5C539,C:\Hackatown2020\recyclable\paper\Misc Paper\paper62.jpg,G,NOT_AUGMENTED,WholeImage,6,
66334C2B-3A41-11EA-8FA0-7845C4C5C539,C:\Hackatown2020\recyclable\paper\Misc Paper\paper67.jpg,G,NOT_AUGMENTED,WholeImage,6,
66334C2C-3A41-11EA-8FA0-7845C4C5C539,C:\Hackatown2020\recyclable\paper\Misc Paper\paper71.jpg,G,NOT_AUGMENTED,WholeImage,6,
66334C2D-3A41-11EA-8FA0-7845C4C5C539,C:\Hackatown2020\recyclable\paper\Misc Paper\paper75.jpg,G,NOT_AUGMENTED,WholeImage,6,
66334C2E-3A41-11EA-8FA0-7845C4C5C539,C:\Hackatown2020\recyclable\paper\Misc Paper\paper77.jpg,G,NOT_AUGMENTED,WholeImage,6,
66334C2F-3A41-11EA-8FA0-7845C4C5C539,C:\Hackatown2020\recyclable\paper\Misc Paper\paper78.jpg,G,NOT_AUGMENTED,WholeImage,6,
66334C30-3A41-11EA-8FA0-7845C4C5C539,C:\Hackatown2020\recyclable\paper\Misc Paper\paper85.jpg,G,NOT_AUGMENTED,WholeImage,6,
66334C31-3A41-11EA-8FA0-7845C4C5C539,C:\Hackatown2020\recyclable\paper\Misc Paper\paper94.jpg,G,NOT_AUGMENTED,WholeImage,6,
66334C32-3A41-11EA-8FA0-7845C4C5C539,C:\Hackatown2020\recyclable\paper\Misc Paper\paper98.jpg,G,NOT_AUGMENTED,WholeImage,6,
66334C33-3A41-11EA-8FA0-7845C4C5C539,C:\Hackatown2020\recyclable\paper\Misc Paper\paper107.jpg,G,NOT_AUGMENTED,WholeImage,6,
66334C34-3A41-11EA-8FA0-7845C4C5C539,C:\Hackatown2020\recyclable\paper\Misc Paper\paper110.jpg,G,NOT_AUGMENTED,WholeImage,6,
66334C35-3A41-11EA-8FA0-7845C4C5C539,C:\Hackatown2020\recyclable\paper\Misc Paper\paper116.jpg,G,NOT_AUGMENTED,WholeImage,6,
66334C36-3A41-11EA-8FA0-7845C4C5C539,C:\Hackatown2020\recyclable\paper\Misc Paper\paper117.jpg,G,NOT_AUGMENTED,WholeImage,6,
66334C37-3A41-11EA-8FA0-7845C4C5C539,C:\Hackatown2020\recyclable\paper\Misc Paper\paper118.jpg,G,NOT_AUGMENTED,WholeImage,6,
66334C38-3A41-11EA-8FA0-7845C4C5C539,C:\Hackatown2020\recyclable\paper\Misc Paper\paper120.jpg,G,NOT_AUGMENTED,WholeImage,6,
66334C39-3A41-11EA-8FA0-7845C4C5C539,C:\Hackatown2020\recyclable\paper\Misc Paper\paper126.jpg,G,NOT_AUGMENTED,WholeImage,6,
66334C3A-3A41-11EA-8FA0-7845C4C5C539,C:\Hackatown2020\recyclable\paper\Misc Paper\paper145.jpg,G,NOT_AUGMENTED,WholeImage,6,
66334C3B-3A41-11EA-8FA0-7845C4C5C539,C:\Hackatown2020\recyclable\paper\Misc Paper\paper146.jpg,G,NOT_AUGMENTED,WholeImage,6,
66334C3C-3A41-11EA-8FA0-7845C4C5C539,C:\Hackatown2020\recyclable\paper\Misc Paper\paper150.jpg,G,NOT_AUGMENTED,WholeImage,6,
66334C3D-3A41-11EA-8FA0-7845C4C5C539,C:\Hackatown2020\recyclable\paper\Misc Paper\paper154.jpg,G,NOT_AUGMENTED,WholeImage,6,
66334C3E-3A41-11EA-8FA0-7845C4C5C539,C:\Hackatown2020\recyclable\paper\Misc Paper\paper157.jpg,G,NOT_AUGMENTED,WholeImage,6,
66334C3F-3A41-11EA-8FA0-7845C4C5C539,C:\Hackatown2020\recyclable\paper\Misc Paper\paper159.jpg,G,NOT_AUGMENTED,WholeImage,6,
66334C40-3A41-11EA-8FA0-7845C4C5C539,C:\Hackatown2020\recyclable\paper\Misc Paper\paper164.jpg,G,NOT_AUGMENTED,WholeImage,6,
66334C41-3A41-11EA-8FA0-7845C4C5C539,C:\Hackatown2020\recyclable\paper\Misc Paper\paper169.jpg,G,NOT_AUGMENTED,WholeImage,6,
66334C42-3A41-11EA-8FA0-7845C4C5C539,C:\Hackatown2020\recyclable\paper\Misc Paper\paper170.jpg,G,NOT_AUGMENTED,WholeImage,6,
66334C43-3A41-11EA-8FA0-7845C4C5C539,C:\Hackatown2020\recyclable\paper\Misc Paper\paper171.jpg,G,NOT_AUGMENTED,WholeImage,6,
66334C44-3A41-11EA-8FA0-7845C4C5C539,C:\Hackatown2020\recyclable\paper\Misc Paper\paper172.jpg,G,NOT_AUGMENTED,WholeImage,6,
66334C45-3A41-11EA-8FA0-7845C4C5C539,C:\Hackatown2020\recyclable\paper\Misc Paper\paper173.jpg,G,NOT_AUGMENTED,WholeImage,6,
66334C46-3A41-11EA-8FA0-7845C4C5C539,C:\Hackatown2020\recyclable\paper\Misc Paper\paper178.jpg,G,NOT_AUGMENTED,WholeImage,6,
66334C47-3A41-11EA-8FA0-7845C4C5C539,C:\Hackatown2020\recyclable\paper\Misc Paper\paper179.jpg,G,NOT_AUGMENTED,WholeImage,6,
66334C48-3A41-11EA-8FA0-7845C4C5C539,C:\Hackatown2020\recyclable\paper\Misc Paper\paper187.jpg,G,NOT_AUGMENTED,WholeImage,6,
66334C49-3A41-11EA-8FA0-7845C4C5C539,C:\Hackatown2020\recyclable\paper\Misc Paper\paper203.jpg,G,NOT_AUGMENTED,WholeImage,6,
66334C4A-3A41-11EA-8FA0-7845C4C5C539,C:\Hackatown2020\recyclable\paper\Misc Paper\paper204.jpg,G,NOT_AUGMENTED,WholeImage,6,
66334C4B-3A41-11EA-8FA0-7845C4C5C539,C:\Hackatown2020\recyclable\paper\Misc Paper\paper211.jpg,G,NOT_AUGMENTED,WholeImage,6,
66334C4C-3A41-11EA-8FA0-7845C4C5C539,C:\Hackatown2020\recyclable\paper\Misc Paper\paper212.jpg,G,NOT_AUGMENTED,WholeImage,6,
66334C4D-3A41-11EA-8FA0-7845C4C5C539,C:\Hackatown2020\recyclable\paper\Misc Paper\paper220.jpg,G,NOT_AUGMENTED,WholeImage,6,
66334C4E-3A41-11EA-8FA0-7845C4C5C539,C:\Hackatown2020\recyclable\paper\Misc Paper\paper226.jpg,G,NOT_AUGMENTED,WholeImage,6,
66334C4F-3A41-11EA-8FA0-7845C4C5C539,C:\Hackatown2020\recyclable\paper\Misc Paper\paper228.jpg,G,NOT_AUGMENTED,WholeImage,6,
66334C50-3A41-11EA-8FA0-7845C4C5C539,C:\Hackatown2020\recyclable\paper\Misc Paper\paper230.jpg,G,NOT_AUGMENTED,WholeImage,6,
66334C51-3A41-11EA-8FA0-7845C4C5C539,C:\Hackatown2020\recyclable\paper\Misc Paper\paper238.jpg,G,NOT_AUGMENTED,WholeImage,6,
66334C52-3A41-11EA-8FA0-7845C4C5C539,C:\Hackatown2020\recyclable\paper\Misc Paper\paper239.jpg,G,NOT_AUGMENTED,WholeImage,6,
66334C53-3A41-11EA-8FA0-7845C4C5C539,C:\Hackatown2020\recyclable\paper\Misc Paper\paper242.jpg,G,NOT_AUGMENTED,WholeImage,6,
66334C54-3A41-11EA-8FA0-7845C4C5C539,C:\Hackatown2020\recyclable\paper\Misc Paper\paper249.jpg,G,NOT_AUGMENTED,WholeImage,6,
66334C55-3A41-11EA-8FA0-7845C4C5C539,C:\Hackatown2020\recyclable\paper\Misc Paper\paper255.jpg,G,NOT_AUGMENTED,WholeImage,6,
66334C56-3A41-11EA-8FA0-7845C4C5C539,C:\Hackatown2020\recyclable\paper\Misc Paper\paper261.jpg,G,NOT_AUGMENTED,WholeImage,6,
66334C57-3A41-11EA-8FA0-7845C4C5C539,C:\Hackatown2020\recyclable\paper\Misc Paper\paper263.jpg,G,NOT_AUGMENTED,WholeImage,6,
66334C58-3A41-11EA-8FA0-7845C4C5C539,C:\Hackatown2020\recyclable\paper\Misc Paper\paper272.jpg,G,NOT_AUGMENTED,WholeImage,6,
66334C59-3A41-11EA-8FA0-7845C4C5C539,C:\Hackatown2020\recyclable\paper\Misc Paper\paper273.jpg,G,NOT_AUGMENTED,WholeImage,6,
66334C5A-3A41-11EA-8FA0-7845C4C5C539,C:\Hackatown2020\recyclable\paper\Misc Paper\paper274.jpg,G,NOT_AUGMENTED,WholeImage,6,
66334C5B-3A41-11EA-8FA0-7845C4C5C539,C:\Hackatown2020\recyclable\paper\Misc Paper\paper276.jpg,G,NOT_AUGMENTED,WholeImage,6,
66334C5C-3A41-11EA-8FA0-7845C4C5C539,C:\Hackatown2020\recyclable\paper\Misc Paper\paper277.jpg,G,NOT_AUGMENTED,WholeImage,6,
66334C5D-3A41-11EA-8FA0-7845C4C5C539,C:\Hackatown2020\recyclable\paper\Misc Paper\paper282.jpg,G,NOT_AUGMENTED,WholeImage,6,
66334C5E-3A41-11EA-8FA0-7845C4C5C539,C:\Hackatown2020\recyclable\paper\Misc Paper\paper294.jpg,G,NOT_AUGMENTED,WholeImage,6,
66334C5F-3A41-11EA-8FA0-7845C4C5C539,C:\Hackatown2020\recyclable\paper\Misc Paper\paper296.jpg,G,NOT_AUGMENTED,WholeImage,6,
66334C60-3A41-11EA-8FA0-7845C4C5C539,C:\Hackatown2020\recyclable\paper\Misc Paper\paper301.jpg,G,NOT_AUGMENTED,WholeImage,6,
66334C61-3A41-11EA-8FA0-7845C4C5C539,C:\Hackatown2020\recyclable\paper\Misc Paper\paper309.jpg,G,NOT_AUGMENTED,WholeImage,6,
66334C62-3A41-11EA-8FA0-7845C4C5C539,C:\Hackatown2020\recyclable\paper\Misc Paper\paper310.jpg,G,NOT_AUGMENTED,WholeImage,6,
66334C63-3A41-11EA-8FA0-7845C4C5C539,C:\Hackatown2020\recyclable\paper\Misc Paper\paper317.jpg,G,NOT_AUGMENTED,WholeImage,6,
66334C64-3A41-11EA-8FA0-7845C4C5C539,C:\Hackatown2020\recyclable\paper\Misc Paper\paper323.jpg,G,NOT_AUGMENTED,WholeImage,6,
66334C65-3A41-11EA-8FA0-7845C4C5C539,C:\Hackatown2020\recyclable\paper\Misc Paper\paper325.jpg,G,NOT_AUGMENTED,WholeImage,6,
66334C66-3A41-11EA-8FA0-7845C4C5C539,C:\Hackatown2020\recyclable\paper\Misc Paper\paper331.jpg,G,NOT_AUGMENTED,WholeImage,6,
66334C67-3A41-11EA-8FA0-7845C4C5C539,C:\Hackatown2020\recyclable\paper\Misc Paper\paper334.jpg,G,NOT_AUGMENTED,WholeImage,6,
66334C68-3A41-11EA-8FA0-7845C4C5C539,C:\Hackatown2020\recyclable\paper\Misc Paper\paper341.jpg,G,NOT_AUGMENTED,WholeImage,6,
66334C69-3A41-11EA-8FA0-7845C4C5C539,C:\Hackatown2020\recyclable\paper\Misc Paper\paper343.jpg,G,NOT_AUGMENTED,WholeImage,6,
66334C6A-3A41-11EA-8FA0-7845C4C5C539,C:\Hackatown2020\recyclable\paper\Misc Paper\paper350.jpg,G,NOT_AUGMENTED,WholeImage,6,
66334C6B-3A41-11EA-8FA0-7845C4C5C539,C:\Hackatown2020\recyclable\paper\Misc Paper\paper354.jpg,G,NOT_AUGMENTED,WholeImage,6,
66334C6C-3A41-11EA-8FA0-7845C4C5C539,C:\Hackatown2020\recyclable\paper\Misc Paper\paper359.jpg,G,NOT_AUGMENTED,WholeImage,6,
66334C6D-3A41-11EA-8FA0-7845C4C5C539,C:\Hackatown2020\recyclable\paper\Misc Paper\paper363.jpg,G,NOT_AUGMENTED,WholeImage,6,
66334C6E-3A41-11EA-8FA0-7845C4C5C539,C:\Hackatown2020\recyclable\paper\Misc Paper\paper367.jpg,G,NOT_AUGMENTED,WholeImage,6,
66334C6F-3A41-11EA-8FA0-7845C4C5C539,C:\Hackatown2020\recyclable\paper\Misc Paper\paper368.jpg,G,NOT_AUGMENTED,WholeImage,6,
66334C70-3A41-11EA-8FA0-7845C4C5C539,C:\Hackatown2020\recyclable\paper\Misc Paper\paper373.jpg,G,NOT_AUGMENTED,WholeImage,6,
66334C71-3A41-11EA-8FA0-7845C4C5C539,C:\Hackatown2020\recyclable\paper\Misc Paper\paper374.jpg,G,NOT_AUGMENTED,WholeImage,6,
66334C72-3A41-11EA-8FA0-7845C4C5C539,C:\Hackatown2020\recyclable\paper\Misc Paper\paper382.jpg,G,NOT_AUGMENTED,WholeImage,6,
66334C73-3A41-11EA-8FA0-7845C4C5C539,C:\Hackatown2020\recyclable\paper\Misc Paper\paper385.jpg,G,NOT_AUGMENTED,WholeImage,6,
66334C74-3A41-11EA-8FA0-7845C4C5C539,C:\Hackatown2020\recyclable\paper\Misc Paper\paper387.jpg,G,NOT_AUGMENTED,WholeImage,6,
66334C75-3A41-11EA-8FA0-7845C4C5C539,C:\Hackatown2020\recyclable\paper\Misc Paper\paper398.jpg,G,NOT_AUGMENTED,WholeImage,6,
66334C76-3A41-11EA-8FA0-7845C4C5C539,C:\Hackatown2020\recyclable\paper\Misc Paper\paper417.jpg,G,NOT_AUGMENTED,WholeImage,6,
66334C77-3A41-11EA-8FA0-7845C4C5C539,C:\Hackatown2020\recyclable\paper\Misc Paper\paper419.jpg,G,NOT_AUGMENTED,WholeImage,6,
66334C78-3A41-11EA-8FA0-7845C4C5C539,C:\Hackatown2020\recyclable\paper\Misc Paper\paper427.jpg,G,NOT_AUGMENTED,WholeImage,6,
66334C79-3A41-11EA-8FA0-7845C4C5C539,C:\Hackatown2020\recyclable\paper\Misc Paper\paper428.jpg,G,NOT_AUGMENTED,WholeImage,6,
66334C7A-3A41-11EA-8FA0-7845C4C5C539,C:\Hackatown2020\recyclable\paper\Misc Paper\paper431.jpg,G,NOT_AUGMENTED,WholeImage,6,
66334C7B-3A41-11EA-8FA0-7845C4C5C539,C:\Hackatown2020\recyclable\paper\Misc Paper\paper434.jpg,G,NOT_AUGMENTED,WholeImage,6,
66334C7C-3A41-11EA-8FA0-7845C4C5C539,C:\Hackatown2020\recyclable\paper\Misc Paper\paper438.jpg,G,NOT_AUGMENTED,WholeImage,6,
66334C7D-3A41-11EA-8FA0-7845C4C5C539,C:\Hackatown2020\recyclable\paper\Misc Paper\paper442.jpg,G,NOT_AUGMENTED,WholeImage,6,
66334C7E-3A41-11EA-8FA0-7845C4C5C539,C:\Hackatown2020\recyclable\paper\Misc Paper\paper444.jpg,G,NOT_AUGMENTED,WholeImage,6,
66334C7F-3A41-11EA-8FA0-7845C4C5C539,C:\Hackatown2020\recyclable\paper\Misc Paper\paper449.jpg,G,NOT_AUGMENTED,WholeImage,6,
66334C80-3A41-11EA-8FA0-7845C4C5C539,C:\Hackatown2020\recyclable\paper\Misc Paper\paper453.jpg,G,NOT_AUGMENTED,WholeImage,6,
66334C81-3A41-11EA-8FA0-7845C4C5C539,C:\Hackatown2020\recyclable\paper\Misc Paper\paper466.jpg,G,NOT_AUGMENTED,WholeImage,6,
66334C82-3A41-11EA-8FA0-7845C4C5C539,C:\Hackatown2020\recyclable\paper\Misc Paper\paper468.jpg,G,NOT_AUGMENTED,WholeImage,6,
66334C83-3A41-11EA-8FA0-7845C4C5C539,C:\Hackatown2020\recyclable\paper\Misc Paper\paper475.jpg,G,NOT_AUGMENTED,WholeImage,6,
66334C84-3A41-11EA-8FA0-7845C4C5C539,C:\Hackatown2020\recyclable\paper\Misc Paper\paper477.jpg,G,NOT_AUGMENTED,WholeImage,6,
66334C85-3A41-11EA-8FA0-7845C4C5C539,C:\Hackatown2020\recyclable\paper\Misc Paper\paper479.jpg,G,NOT_AUGMENTED,WholeImage,6,
66334C86-3A41-11EA-8FA0-7845C4C5C539,C:\Hackatown2020\recyclable\paper\Misc Paper\paper482.jpg,G,NOT_AUGMENTED,WholeImage,6,
66334C87-3A41-11EA-8FA0-7845C4C5C539,C:\Hackatown2020\recyclable\paper\Misc Paper\paper486.jpg,G,NOT_AUGMENTED,WholeImage,6,
66334C88-3A41-11EA-8FA0-7845C4C5C539,C:\Hackatown2020\recyclable\paper\Misc Paper\paper491.jpg,G,NOT_AUGMENTED,WholeImage,6,
66334C89-3A41-11EA-8FA0-7845C4C5C539,C:\Hackatown2020\recyclable\paper\Misc Paper\paper498.jpg,G,NOT_AUGMENTED,WholeImage,6,
66334C8A-3A41-11EA-8FA0-7845C4C5C539,C:\Hackatown2020\recyclable\paper\Misc Paper\paper499.jpg,G,NOT_AUGMENTED,WholeImage,6,
66334C8B-3A41-11EA-8FA0-7845C4C5C539,C:\Hackatown2020\recyclable\paper\Misc Paper\paper500.jpg,G,NOT_AUGMENTED,WholeImage,6,
66334C8C-3A41-11EA-8FA0-7845C4C5C539,C:\Hackatown2020\recyclable\paper\Misc Paper\paper503.jpg,G,NOT_AUGMENTED,WholeImage,6,
66334C8D-3A41-11EA-8FA0-7845C4C5C539,C:\Hackatown2020\recyclable\paper\Misc Paper\paper505.jpg,G,NOT_AUGMENTED,WholeImage,6,
66334C8E-3A41-11EA-8FA0-7845C4C5C539,C:\Hackatown2020\recyclable\paper\Misc Paper\paper508.jpg,G,NOT_AUGMENTED,WholeImage,6,
66334C8F-3A41-11EA-8FA0-7845C4C5C539,C:\Hackatown2020\recyclable\paper\Misc Paper\paper516.jpg,G,NOT_AUGMENTED,WholeImage,6,
66334C90-3A41-11EA-8FA0-7845C4C5C539,C:\Hackatown2020\recyclable\paper\Misc Paper\paper517.jpg,G,NOT_AUGMENTED,WholeImage,6,
66334C91-3A41-11EA-8FA0-7845C4C5C539,C:\Hackatown2020\recyclable\paper\Misc Paper\paper520.jpg,G,NOT_AUGMENTED,WholeImage,6,
66334C92-3A41-11EA-8FA0-7845C4C5C539,C:\Hackatown2020\recyclable\paper\Misc Paper\paper523.jpg,G,NOT_AUGMENTED,WholeImage,6,
66334C93-3A41-11EA-8FA0-7845C4C5C539,C:\Hackatown2020\recyclable\paper\Misc Paper\paper524.jpg,G,NOT_AUGMENTED,WholeImage,6,
66334C94-3A41-11EA-8FA0-7845C4C5C539,C:\Hackatown2020\recyclable\paper\Misc Paper\paper528.jpg,G,NOT_AUGMENTED,WholeImage,6,
66334C95-3A41-11EA-8FA0-7845C4C5C539,C:\Hackatown2020\recyclable\paper\Misc Paper\paper535.jpg,G,NOT_AUGMENTED,WholeImage,6,
66334C96-3A41-11EA-8FA0-7845C4C5C539,C:\Hackatown2020\recyclable\paper\Misc Paper\paper538.jpg,G,NOT_AUGMENTED,WholeImage,6,
66334C97-3A41-11EA-8FA0-7845C4C5C539,C:\Hackatown2020\recyclable\paper\Misc Paper\paper539.jpg,G,NOT_AUGMENTED,WholeImage,6,
66334C98-3A41-11EA-8FA0-7845C4C5C539,C:\Hackatown2020\recyclable\paper\Misc Paper\paper552.jpg,G,NOT_AUGMENTED,WholeImage,6,
66334C99-3A41-11EA-8FA0-7845C4C5C539,C:\Hackatown2020\recyclable\paper\Misc Paper\paper555.jpg,G,NOT_AUGMENTED,WholeImage,6,
66334C9A-3A41-11EA-8FA0-7845C4C5C539,C:\Hackatown2020\recyclable\paper\Misc Paper\paper564.jpg,G,NOT_AUGMENTED,WholeImage,6,
66334C9B-3A41-11EA-8FA0-7845C4C5C539,C:\Hackatown2020\recyclable\paper\Misc Paper\paper567.jpg,G,NOT_AUGMENTED,WholeImage,6,
66334C9C-3A41-11EA-8FA0-7845C4C5C539,C:\Hackatown2020\recyclable\paper\Misc Paper\paper571.jpg,G,NOT_AUGMENTED,WholeImage,6,
66334C9D-3A41-11EA-8FA0-7845C4C5C539,C:\Hackatown2020\recyclable\paper\Misc Paper\paper574.jpg,G,NOT_AUGMENTED,WholeImage,6,
66334C9E-3A41-11EA-8FA0-7845C4C5C539,C:\Hackatown2020\recyclable\paper\Misc Paper\paper576.jpg,G,NOT_AUGMENTED,WholeImage,6,
66334C9F-3A41-11EA-8FA0-7845C4C5C539,C:\Hackatown2020\recyclable\paper\Misc Paper\paper577.jpg,G,NOT_AUGMENTED,WholeImage,6,
66334CA0-3A41-11EA-8FA0-7845C4C5C539,C:\Hackatown2020\recyclable\paper\Misc Paper\paper583.jpg,G,NOT_AUGMENTED,WholeImage,6,
66334CA1-3A41-11EA-8FA0-7845C4C5C539,C:\Hackatown2020\recyclable\paper\Misc Paper\paper587.jpg,G,NOT_AUGMENTED,WholeImage,6,
66334CA2-3A41-11EA-8FA0-7845C4C5C539,C:\Hackatown2020\recyclable\paper\Misc Paper\paper588.jpg,G,NOT_AUGMENTED,WholeImage,6,
66334CA3-3A41-11EA-8FA0-7845C4C5C539,C:\Hackatown2020\recyclable\paper\Misc Paper\paper589.jpg,G,NOT_AUGMENTED,WholeImage,6,
